insert into location(id,name,creation_date,last_update_date,version) values (13001,'Location 13001',current_timestamp(),current_timestamp(),1);
insert into ship_method(id,name,creation_date,last_update_date,version) values (13001,'DHL',current_timestamp(),current_timestamp(),1);
insert into business_entity(id,dtype,creation_date,last_update_date,version) values (13001,'Vendor',current_timestamp(),current_timestamp(),1);
insert into vendor(id,account_number,name,is_active,purchasing_url) values (13001,'VDR-13001','Vendor 13001',1,'www.optimum.org');
insert into business_entity(id,dtype,creation_date,last_update_date,version) values (13002,'Vendor',current_timestamp(),current_timestamp(),1);
insert into vendor(id,account_number,name,is_active,purchasing_url) values (13002,'VDR-13002','Vendor 13002',0,'www.optimum.org');
insert into product(id,number,name,safety_stock_level,reorder_point,stock_cover,description,creation_date,last_update_date,version) values (13001,'PDT-13001','Sample Product 1',1000,750,3,'Product description',current_timestamp(),current_timestamp(),1);
insert into product(id,number,name,safety_stock_level,reorder_point,stock_cover,description,creation_date,last_update_date,version) values (13002,'PDT-13002','Sample Product 2',500,375,3,'Product description',current_timestamp(),current_timestamp(),1);
insert into product(id,number,name,safety_stock_level,reorder_point,stock_cover,description,creation_date,last_update_date,version) values (13003,'PDT-13003','Sample Product 3',800,600,3,'Product description',current_timestamp(),current_timestamp(),1);
insert into product_inventory(location_id,product_id,quantity,creation_date,last_update_date,version) values (13001,13003,15,current_timestamp(),current_timestamp(),1);
insert into document(id,dtype,creation_date,last_update_date,reference_number,version) values (13001,'PurchaseOrder',current_timestamp(),current_timestamp(),'PO-13001',1);
insert into purchase_order(id,freight,tax_amount,vendor_id,status) values (13001,300,2,13001,'PENDING');
insert into purchase_order_detail(detail_id,due_date,ordered_quantity,received_quantity,rejected_quantity,unit_price,product_id,purchase_order_id,creation_date,last_update_date,version)values (13001,current_timestamp(),1225,0,0,5,13001,13001,current_timestamp(),current_timestamp(),1);
insert into document(id,dtype,creation_date,last_update_date,reference_number,version) values (13002,'PurchaseOrder',current_timestamp(),current_timestamp(),'PO-13002',1);
insert into purchase_order(id,freight,tax_amount,vendor_id,status) values (13002,300,2,13001,'PENDING');
insert into purchase_order_detail(detail_id,due_date,ordered_quantity,received_quantity,rejected_quantity,unit_price,product_id,purchase_order_id,creation_date,last_update_date,version)values (13002,current_timestamp(),1225,0,0,5,13001,13002,current_timestamp(),current_timestamp(),1);
insert into document(id,dtype,creation_date,last_update_date,reference_number,version) values (13003,'PurchaseOrder',current_timestamp(),current_timestamp(),'PO-13003',1);
insert into purchase_order(id,freight,tax_amount,vendor_id,status) values (13003,300,2,13001,'PENDING');
insert into purchase_order_detail(detail_id,due_date,ordered_quantity,received_quantity,rejected_quantity,unit_price,product_id,purchase_order_id,creation_date,last_update_date,version)values (13003,current_timestamp(),1225,0,0,5,13001,13003,current_timestamp(),current_timestamp(),1);
insert into document(id,dtype,creation_date,last_update_date,reference_number,version) values (13004,'PurchaseOrder',current_timestamp(),current_timestamp(),'PO-13004',1);
insert into purchase_order(id,freight,tax_amount,vendor_id,status) values (13004,300,2,13001,'PENDING');
insert into purchase_order_detail(detail_id,due_date,ordered_quantity,received_quantity,rejected_quantity,unit_price,product_id,purchase_order_id,creation_date,last_update_date,version)values (13004,current_timestamp(),1225,0,0,5,13001,13004,current_timestamp(),current_timestamp(),1);
insert into document(id,dtype,creation_date,last_update_date,reference_number,version) values (13005,'PurchaseOrder',current_timestamp(),current_timestamp(),'PO-13005',1);
insert into purchase_order(id,freight,tax_amount,vendor_id,status) values (13005,300,2,13001,'PENDING');
insert into purchase_order_detail(detail_id,due_date,ordered_quantity,received_quantity,rejected_quantity,unit_price,product_id,purchase_order_id,creation_date,last_update_date,version)values (13005,current_timestamp(),1225,0,0,5,13001,13005,current_timestamp(),current_timestamp(),1);
insert into document(id,dtype,creation_date,last_update_date,reference_number,version) values (13006,'PurchaseOrder',current_timestamp(),current_timestamp(),'PO-13006',1);
insert into purchase_order(id,freight,tax_amount,vendor_id,status) values (13006,300,2,13001,'PENDING');
insert into purchase_order_detail(detail_id,due_date,ordered_quantity,received_quantity,rejected_quantity,unit_price,product_id,purchase_order_id,creation_date,last_update_date,version)values (13006,current_timestamp(),1225,0,0,5,13001,13006,current_timestamp(),current_timestamp(),1);
insert into document(id,dtype,creation_date,last_update_date,reference_number,version) values (13007,'PurchaseOrder',current_timestamp(),current_timestamp(),'PO-13007',1);
insert into purchase_order(id,freight,tax_amount,vendor_id,status) values (13007,300,2,13001,'PENDING');
insert into purchase_order_detail(detail_id,due_date,ordered_quantity,received_quantity,rejected_quantity,unit_price,product_id,purchase_order_id,creation_date,last_update_date,version)values (13007,current_timestamp(),1225,0,0,5,13001,13007,current_timestamp(),current_timestamp(),1);
insert into document(id,dtype,creation_date,last_update_date,reference_number,version) values (13008,'PurchaseOrder',current_timestamp(),current_timestamp(),'PO-13008',1);
insert into purchase_order(id,freight,tax_amount,vendor_id,status) values (13008,300,2,13001,'APPROVED');
insert into purchase_order_detail(detail_id,due_date,ordered_quantity,received_quantity,rejected_quantity,unit_price,product_id,purchase_order_id,creation_date,last_update_date,version)values (13008,current_timestamp(),1225,0,0,5,13001,13008,current_timestamp(),current_timestamp(),1);
insert into purchase_order_detail(detail_id,due_date,ordered_quantity,received_quantity,rejected_quantity,unit_price,product_id,purchase_order_id,creation_date,last_update_date,version)values (13009,current_timestamp(),500,0,0,15,13003,13008,current_timestamp(),current_timestamp(),1);
insert into document(id,dtype,creation_date,last_update_date,reference_number,version) values (13009,'PurchaseOrder',current_timestamp(),current_timestamp(),'PO-13009',1);
insert into purchase_order(id,freight,tax_amount,vendor_id,status) values (13009,300,2,13001,'PENDING');
insert into purchase_order_detail(detail_id,due_date,ordered_quantity,received_quantity,rejected_quantity,unit_price,product_id,purchase_order_id,creation_date,last_update_date,version)values (13010,current_timestamp(),1225,0,0,5,13001,13009,current_timestamp(),current_timestamp(),1);
insert into document(id,dtype,creation_date,last_update_date,reference_number,version) values (13010,'PurchaseOrder',current_timestamp(),current_timestamp(),'PO-13010',1);
insert into purchase_order(id,freight,tax_amount,vendor_id,status) values (13010,300,2,13001,'APPROVED');
insert into purchase_order_detail(detail_id,due_date,ordered_quantity,received_quantity,rejected_quantity,unit_price,product_id,purchase_order_id,creation_date,last_update_date,version)values (13011,current_timestamp(),1225,1000,25,5,13001,13010,current_timestamp(),current_timestamp(),1);
insert into purchase_order_detail(detail_id,due_date,ordered_quantity,received_quantity,rejected_quantity,unit_price,product_id,purchase_order_id,creation_date,last_update_date,version)values (13012,current_timestamp(),500,500,10,15,13003,13010,current_timestamp(),current_timestamp(),1);
insert into document(id,dtype,creation_date,last_update_date,reference_number,version) values (13011,'PurchaseOrder',current_timestamp(),current_timestamp(),'PO-13011',1);
insert into purchase_order(id,freight,tax_amount,vendor_id,status) values (13011,300,2,13001,'PENDING');
insert into purchase_order_detail(detail_id,due_date,ordered_quantity,received_quantity,rejected_quantity,unit_price,product_id,purchase_order_id,creation_date,last_update_date,version)values (13013,current_timestamp(),1225,0,0,5,13001,13011,current_timestamp(),current_timestamp(),1);
insert into document(id,dtype,creation_date,last_update_date,reference_number,version) values (13012,'PurchaseOrder',current_timestamp(),current_timestamp(),'PO-13012',1);
insert into purchase_order(id,freight,tax_amount,vendor_id,status) values (13012,300,2,13001,'PENDING');
insert into purchase_order_detail(detail_id,due_date,ordered_quantity,received_quantity,rejected_quantity,unit_price,product_id,purchase_order_id,creation_date,last_update_date,version)values (13014,current_timestamp(),1225,0,0,5,13001,13012,current_timestamp(),current_timestamp(),1);
insert into document(id,dtype,creation_date,last_update_date,reference_number,version) values (13013,'PurchaseOrder',current_timestamp(),current_timestamp(),'PO-13013',1);
insert into purchase_order(id,freight,tax_amount,vendor_id,status) values (13013,300,2,13001,'APPROVED');
insert into purchase_order_detail(detail_id,due_date,ordered_quantity,received_quantity,rejected_quantity,unit_price,product_id,purchase_order_id,creation_date,last_update_date,version)values (13015,current_timestamp(),1225,1000,25,5,13001,13013,current_timestamp(),current_timestamp(),1);
insert into document(id,dtype,creation_date,last_update_date,reference_number,version) values (13014,'PurchaseOrder',current_timestamp(),current_timestamp(),'PO-13014',1);
insert into purchase_order(id,freight,tax_amount,vendor_id,status) values (13014,300,2,13001,'REJECTED');
insert into purchase_order_detail(detail_id,due_date,ordered_quantity,received_quantity,rejected_quantity,unit_price,product_id,purchase_order_id,creation_date,last_update_date,version)values (13016,current_timestamp(),1225,1000,25,5,13001,13014,current_timestamp(),current_timestamp(),1);
insert into document(id,dtype,creation_date,last_update_date,reference_number,version) values (13015,'PurchaseOrder',current_timestamp(),current_timestamp(),'PO-13015',1);
insert into purchase_order(id,freight,tax_amount,vendor_id,status) values (13015,300,2,13001,'COMPLETE');
insert into purchase_order_detail(detail_id,due_date,ordered_quantity,received_quantity,rejected_quantity,unit_price,product_id,purchase_order_id,creation_date,last_update_date,version)values (13018,current_timestamp(),1225,1000,25,5,13001,13015,current_timestamp(),current_timestamp(),1);
insert into document(id,dtype,creation_date,last_update_date,reference_number,version) values (13016,'PurchaseOrder',current_timestamp(),current_timestamp(),'PO-13016',1);
insert into purchase_order(id,freight,tax_amount,vendor_id,status) values (13016,300,2,13001,'PENDING');
insert into purchase_order_detail(detail_id,due_date,ordered_quantity,received_quantity,rejected_quantity,unit_price,product_id,purchase_order_id,creation_date,last_update_date,version)values (13019,current_timestamp(),1225,0,0,5,13001,13016,current_timestamp(),current_timestamp(),1);
insert into document(id,dtype,creation_date,last_update_date,reference_number,version) values (13017,'PurchaseOrder',current_timestamp(),current_timestamp(),'PO-13017',1);
insert into purchase_order(id,freight,tax_amount,vendor_id,status) values (13017,300,2,13001,'PENDING');
insert into purchase_order_detail(detail_id,due_date,ordered_quantity,received_quantity,rejected_quantity,unit_price,product_id,purchase_order_id,creation_date,last_update_date,version)values (13020,current_timestamp(),1225,0,0,5,13001,13017,current_timestamp(),current_timestamp(),1);
insert into document(id,dtype,creation_date,last_update_date,reference_number,version) values (13018,'PurchaseOrder',current_timestamp(),current_timestamp(),'PO-13018',1);
insert into purchase_order(id,freight,tax_amount,vendor_id,status) values (13018,300,2,13001,'APPROVED');
insert into purchase_order_detail(detail_id,due_date,ordered_quantity,received_quantity,rejected_quantity,unit_price,product_id,purchase_order_id,creation_date,last_update_date,version)values (13021,current_timestamp(),600,0,0,5,13001,13018,current_timestamp(),current_timestamp(),1);
commit;