insert into applications(id,name,creation_date,last_update_date,version) values (1001,'Application 100',current_timestamp(),current_timestamp(),1);
insert into password_policies(MAXIMUM_INVALID_PASSWORD_ATTEMPTS, MAXIMUM_PASSWORD_AGE, MAXIMUM_PASSWORD_LENGTH, MINIMUM_SPECIAL_CHARACTERS, MINIMUM_PASSWORD_AGE, MINIMUM_PASSWORD_LENGTH, PASSWORD_ATTEMPT_WINDOW, PASSWORD_HISTORY_LENGTH, APPLICATION_ID,MINIMUM_LOWERCASE_CHARACTERS,MINIMUM_UPPERCASE_CHARACTERS,MINIMUM_NUMERIC) VALUES (5, 30, 25, 1, 0, 7, 10, 10, 1001,1,1,1);
insert into token_policies(APPLICATION_ID,MAXIMUM_AGE) VALUES (1001,30);
insert into applications(id,name,creation_date,last_update_date,version) values (1002,'Application 101',current_timestamp(),current_timestamp(),1);
insert into password_policies(MAXIMUM_INVALID_PASSWORD_ATTEMPTS, MAXIMUM_PASSWORD_AGE, MAXIMUM_PASSWORD_LENGTH, MINIMUM_SPECIAL_CHARACTERS, MINIMUM_PASSWORD_AGE, MINIMUM_PASSWORD_LENGTH, PASSWORD_ATTEMPT_WINDOW, PASSWORD_HISTORY_LENGTH, APPLICATION_ID,MINIMUM_LOWERCASE_CHARACTERS,MINIMUM_UPPERCASE_CHARACTERS,MINIMUM_NUMERIC) VALUES (5, 30, 25, 1, 0, 7, 10, 10, 1002,1,1,1);
insert into token_policies(APPLICATION_ID,MAXIMUM_AGE) VALUES (1002,30);
insert into applications(id,name,creation_date,last_update_date,version) values (1003,'Application 102',current_timestamp(),current_timestamp(),1);
insert into password_policies(MAXIMUM_INVALID_PASSWORD_ATTEMPTS, MAXIMUM_PASSWORD_AGE, MAXIMUM_PASSWORD_LENGTH, MINIMUM_SPECIAL_CHARACTERS, MINIMUM_PASSWORD_AGE, MINIMUM_PASSWORD_LENGTH, PASSWORD_ATTEMPT_WINDOW, PASSWORD_HISTORY_LENGTH, APPLICATION_ID,MINIMUM_LOWERCASE_CHARACTERS,MINIMUM_UPPERCASE_CHARACTERS,MINIMUM_NUMERIC) VALUES (5, 30, 25, 1, 0, 7, 10, 10, 1003,1,1,1);
insert into token_policies(APPLICATION_ID,MAXIMUM_AGE) VALUES (1003,30);
insert into applications(id,name,creation_date,last_update_date,version) values (1004,'Application 103',current_timestamp(),current_timestamp(),1);
insert into password_policies(MAXIMUM_INVALID_PASSWORD_ATTEMPTS, MAXIMUM_PASSWORD_AGE, MAXIMUM_PASSWORD_LENGTH, MINIMUM_SPECIAL_CHARACTERS, MINIMUM_PASSWORD_AGE, MINIMUM_PASSWORD_LENGTH, PASSWORD_ATTEMPT_WINDOW, PASSWORD_HISTORY_LENGTH, APPLICATION_ID,MINIMUM_LOWERCASE_CHARACTERS,MINIMUM_UPPERCASE_CHARACTERS,MINIMUM_NUMERIC) VALUES (5, 30, 25, 1, 0, 7, 10, 10, 1004,1,1,1);
insert into token_policies(APPLICATION_ID,MAXIMUM_AGE) VALUES (1004,30);
insert into applications(id,name,creation_date,last_update_date,version) values (1005,'Application 104',current_timestamp(),current_timestamp(),1);
insert into password_policies(MAXIMUM_INVALID_PASSWORD_ATTEMPTS, MAXIMUM_PASSWORD_AGE, MAXIMUM_PASSWORD_LENGTH, MINIMUM_SPECIAL_CHARACTERS, MINIMUM_PASSWORD_AGE, MINIMUM_PASSWORD_LENGTH, PASSWORD_ATTEMPT_WINDOW, PASSWORD_HISTORY_LENGTH, APPLICATION_ID,MINIMUM_LOWERCASE_CHARACTERS,MINIMUM_UPPERCASE_CHARACTERS,MINIMUM_NUMERIC) VALUES (5, 30, 25, 1, 0, 7, 10, 10, 1005,1,1,1);
insert into token_policies(APPLICATION_ID,MAXIMUM_AGE) VALUES (1005,30);
insert into applications(id,name,creation_date,last_update_date,version) values (1006,'Rainbow Optimum',current_timestamp(),current_timestamp(),1);
insert into password_policies(MAXIMUM_INVALID_PASSWORD_ATTEMPTS, MAXIMUM_PASSWORD_AGE, MAXIMUM_PASSWORD_LENGTH, MINIMUM_SPECIAL_CHARACTERS, MINIMUM_PASSWORD_AGE, MINIMUM_PASSWORD_LENGTH, PASSWORD_ATTEMPT_WINDOW, PASSWORD_HISTORY_LENGTH, APPLICATION_ID,MINIMUM_LOWERCASE_CHARACTERS,MINIMUM_UPPERCASE_CHARACTERS,MINIMUM_NUMERIC) VALUES (5, 30, 25, 1, 0, 7, 10, 10, 1006,1,1,1);
insert into token_policies(APPLICATION_ID,MAXIMUM_AGE) VALUES (1006,30);
insert into applications(id,name,creation_date,last_update_date,version) values (1007,'Spark Optimum',current_timestamp(),current_timestamp(),1);
insert into password_policies(MAXIMUM_INVALID_PASSWORD_ATTEMPTS, MAXIMUM_PASSWORD_AGE, MAXIMUM_PASSWORD_LENGTH, MINIMUM_SPECIAL_CHARACTERS, MINIMUM_PASSWORD_AGE, MINIMUM_PASSWORD_LENGTH, PASSWORD_ATTEMPT_WINDOW, PASSWORD_HISTORY_LENGTH, APPLICATION_ID,MINIMUM_LOWERCASE_CHARACTERS,MINIMUM_UPPERCASE_CHARACTERS,MINIMUM_NUMERIC) VALUES (5, 30, 25, 1, 0, 7, 10, 10, 1007,1,1,1);
insert into token_policies(APPLICATION_ID,MAXIMUM_AGE) VALUES (1007,30);
commit;
