insert into applications(ID,NAME,DESCRIPTION,creation_date,last_update_date,version) VALUES (7001,'Test Application','This application is used for testing.',current_timestamp(),current_timestamp(),1);
insert into password_policies(MAXIMUM_INVALID_PASSWORD_ATTEMPTS, MAXIMUM_PASSWORD_AGE, MAXIMUM_PASSWORD_LENGTH, MINIMUM_SPECIAL_CHARACTERS, MINIMUM_PASSWORD_AGE, MINIMUM_PASSWORD_LENGTH, PASSWORD_ATTEMPT_WINDOW, PASSWORD_HISTORY_LENGTH, APPLICATION_ID,MINIMUM_LOWERCASE_CHARACTERS,MINIMUM_UPPERCASE_CHARACTERS,MINIMUM_NUMERIC) VALUES (5, 30, 25, 1, 0, 7, 10, 10, 7001,1,1,1);
insert into token_policies(APPLICATION_ID,MAXIMUM_AGE) VALUES (7001,30);
insert into applications(ID,NAME,DESCRIPTION,creation_date,last_update_date,version) VALUES (7002,'Test Application 1','This application is used for testing.',current_timestamp(),current_timestamp(),1);
insert into password_policies(MAXIMUM_INVALID_PASSWORD_ATTEMPTS, MAXIMUM_PASSWORD_AGE, MAXIMUM_PASSWORD_LENGTH, MINIMUM_SPECIAL_CHARACTERS, MINIMUM_PASSWORD_AGE, MINIMUM_PASSWORD_LENGTH, PASSWORD_ATTEMPT_WINDOW, PASSWORD_HISTORY_LENGTH, APPLICATION_ID,MINIMUM_LOWERCASE_CHARACTERS,MINIMUM_UPPERCASE_CHARACTERS,MINIMUM_NUMERIC) VALUES (5, 0, 25, 1, 0, 7, 10, 10, 7002,1,1,1);
insert into token_policies(APPLICATION_ID,MAXIMUM_AGE) VALUES (7002,30);
insert into users(ID,LAST_ACTIVITY_DATE,USER_NAME,APPLICATION_ID,CREATION_DATE,LAST_UPDATE_DATE,VERSION) VALUES (7001, '1754-01-01', 'sampleUser1', 7001,current_timestamp(),current_timestamp(),1);
insert into memberships(ENABLED,CREATION_DATE,DESCRIPTION,FAILED_PWD_QUES_ANS_ATMPT_CNT,FAILED_PWD_ANS_ATPT_WIN_START,FAILED_PWD_ATMPT_CNT,FAILED_PWD_ATMPT_WIN_START,LAST_LOCK_OUT_DATE,LAST_LOGIN_DATE,LAST_PWD_CHANGE_DATE,LOCKED_OUT,PASSWORD,PASSWORD_QUESTION,PASSWORD_QUESTION_ANSWER,USER_ID,APPLICATION_ID,ENCRYPTED) VALUES (1, current_timestamp(), 'Description of membership', 0, '1754-01-01', 0, '1754-01-01', '1754-01-01', current_timestamp(), current_timestamp(), 0, '$2a$16$GR4kVcRFqM9NHzjv5jt7qO8YHQja7sht1t2pf6TzJscGO2amOu0ay', 'Mother name', '$2a$16$Ys91LGmC4Ommdg252mMxCOr3ENsZknLJmVrImW6p3GZfLqeqyFrRC', 7001, 7001,1);
insert into users(ID,LAST_ACTIVITY_DATE,USER_NAME,APPLICATION_ID,CREATION_DATE,LAST_UPDATE_DATE,VERSION) VALUES (7002, '1754-01-01', 'sampleUser2', 7001,current_timestamp(),current_timestamp(),1);
insert into memberships(ENABLED,CREATION_DATE,DESCRIPTION,FAILED_PWD_QUES_ANS_ATMPT_CNT,FAILED_PWD_ANS_ATPT_WIN_START,FAILED_PWD_ATMPT_CNT,FAILED_PWD_ATMPT_WIN_START,LAST_LOCK_OUT_DATE,LAST_LOGIN_DATE,LAST_PWD_CHANGE_DATE,LOCKED_OUT,PASSWORD,PASSWORD_QUESTION,PASSWORD_QUESTION_ANSWER,USER_ID,APPLICATION_ID,ENCRYPTED) VALUES (1, current_timestamp(), 'Description of membership', 0, '1754-01-01', 0, '1754-01-01', '1754-01-01', current_timestamp(), current_timestamp(), 0, '$2a$16$GR4kVcRFqM9NHzjv5jt7qO8YHQja7sht1t2pf6TzJscGO2amOu0ay', 'Mother name', '$2a$16$Ys91LGmC4Ommdg252mMxCOr3ENsZknLJmVrImW6p3GZfLqeqyFrRC', 7002, 7001,1);
insert into users(ID,LAST_ACTIVITY_DATE,USER_NAME,APPLICATION_ID,CREATION_DATE,LAST_UPDATE_DATE,VERSION) VALUES (7003, '1754-01-01', 'sampleUser3', 7001,current_timestamp(),current_timestamp(),1);
insert into memberships(ENABLED,CREATION_DATE,DESCRIPTION,FAILED_PWD_QUES_ANS_ATMPT_CNT,FAILED_PWD_ANS_ATPT_WIN_START,FAILED_PWD_ATMPT_CNT,FAILED_PWD_ATMPT_WIN_START,LAST_LOCK_OUT_DATE,LAST_LOGIN_DATE,LAST_PWD_CHANGE_DATE,LOCKED_OUT,PASSWORD,PASSWORD_QUESTION,PASSWORD_QUESTION_ANSWER,USER_ID,APPLICATION_ID,ENCRYPTED) VALUES (1, current_timestamp(), 'Description of membership', 0, '1754-01-01', 0, '1754-01-01', '1754-01-01', current_timestamp(), current_timestamp(), 0, '$2a$16$GR4kVcRFqM9NHzjv5jt7qO8YHQja7sht1t2pf6TzJscGO2amOu0ay', 'Mother name', '$2a$16$Ys91LGmC4Ommdg252mMxCOr3ENsZknLJmVrImW6p3GZfLqeqyFrRC', 7003, 7001,1);
insert into users(ID,LAST_ACTIVITY_DATE,USER_NAME,APPLICATION_ID,CREATION_DATE,LAST_UPDATE_DATE,VERSION) VALUES (7004, '1754-01-01', 'sampleUser4', 7001,current_timestamp(),current_timestamp(),1);
insert into memberships(ENABLED,CREATION_DATE,DESCRIPTION,FAILED_PWD_QUES_ANS_ATMPT_CNT,FAILED_PWD_ANS_ATPT_WIN_START,FAILED_PWD_ATMPT_CNT,FAILED_PWD_ATMPT_WIN_START,LAST_LOCK_OUT_DATE,LAST_LOGIN_DATE,LAST_PWD_CHANGE_DATE,LOCKED_OUT,PASSWORD,PASSWORD_QUESTION,PASSWORD_QUESTION_ANSWER,USER_ID,APPLICATION_ID,ENCRYPTED) VALUES (1, current_timestamp(), 'Description of membership', 0, '1754-01-01', 0, '1754-01-01', '1754-01-01', current_timestamp(), current_timestamp(), 0, '$2a$16$GR4kVcRFqM9NHzjv5jt7qO8YHQja7sht1t2pf6TzJscGO2amOu0ay', 'Mother name', '$2a$16$Ys91LGmC4Ommdg252mMxCOr3ENsZknLJmVrImW6p3GZfLqeqyFrRC', 7004, 7001,1);
insert into users(ID,LAST_ACTIVITY_DATE,USER_NAME,APPLICATION_ID,CREATION_DATE,LAST_UPDATE_DATE,VERSION) VALUES (7005, '1754-01-01', 'sampleUser5', 7001,current_timestamp(),current_timestamp(),1);
insert into memberships(ENABLED,CREATION_DATE,DESCRIPTION,FAILED_PWD_QUES_ANS_ATMPT_CNT,FAILED_PWD_ANS_ATPT_WIN_START,FAILED_PWD_ATMPT_CNT,FAILED_PWD_ATMPT_WIN_START,LAST_LOCK_OUT_DATE,LAST_LOGIN_DATE,LAST_PWD_CHANGE_DATE,LOCKED_OUT,PASSWORD,PASSWORD_QUESTION,PASSWORD_QUESTION_ANSWER,USER_ID,APPLICATION_ID,ENCRYPTED) VALUES (0, current_timestamp(), 'Description of membership', 0, '1754-01-01', 0, '1754-01-01', '1754-01-01', current_timestamp(), current_timestamp(), 0, '$2a$16$GR4kVcRFqM9NHzjv5jt7qO8YHQja7sht1t2pf6TzJscGO2amOu0ay', 'Mother name', '$2a$16$Ys91LGmC4Ommdg252mMxCOr3ENsZknLJmVrImW6p3GZfLqeqyFrRC', 7005, 7001,1);
insert into users(ID,LAST_ACTIVITY_DATE,USER_NAME,APPLICATION_ID,CREATION_DATE,LAST_UPDATE_DATE,VERSION) VALUES (7006, '1754-01-01', 'sampleUser6', 7001,current_timestamp(),current_timestamp(),1);
insert into memberships(ENABLED,CREATION_DATE,DESCRIPTION,FAILED_PWD_QUES_ANS_ATMPT_CNT,FAILED_PWD_ANS_ATPT_WIN_START,FAILED_PWD_ATMPT_CNT,FAILED_PWD_ATMPT_WIN_START,LAST_LOCK_OUT_DATE,LAST_LOGIN_DATE,LAST_PWD_CHANGE_DATE,LOCKED_OUT,PASSWORD,PASSWORD_QUESTION,PASSWORD_QUESTION_ANSWER,USER_ID,APPLICATION_ID,ENCRYPTED) VALUES (1, current_timestamp(), 'Description of membership', 0, '1754-01-01', 0, '1754-01-01', '1754-01-01', '1754-01-01', '1754-01-01', 0, '$2a$16$GR4kVcRFqM9NHzjv5jt7qO8YHQja7sht1t2pf6TzJscGO2amOu0ay', 'Mother name', '$2a$16$Ys91LGmC4Ommdg252mMxCOr3ENsZknLJmVrImW6p3GZfLqeqyFrRC', 7006, 7001,1);
insert into users(ID,LAST_ACTIVITY_DATE,USER_NAME,APPLICATION_ID,CREATION_DATE,LAST_UPDATE_DATE,VERSION) VALUES (7007, date_add(current_timestamp(),INTERVAL -1 DAY), 'sampleUser7', 7001,date_add(current_timestamp(),INTERVAL -2 DAY),date_add(current_timestamp(),INTERVAL -2 DAY),1);
insert into memberships(ENABLED,CREATION_DATE,DESCRIPTION,FAILED_PWD_QUES_ANS_ATMPT_CNT,FAILED_PWD_ANS_ATPT_WIN_START,FAILED_PWD_ATMPT_CNT,FAILED_PWD_ATMPT_WIN_START,LAST_LOCK_OUT_DATE,LAST_LOGIN_DATE,LAST_PWD_CHANGE_DATE,LOCKED_OUT,PASSWORD,PASSWORD_QUESTION,PASSWORD_QUESTION_ANSWER,USER_ID,APPLICATION_ID,ENCRYPTED) VALUES (1, date_add(current_timestamp(),INTERVAL -2 DAY), 'Description of membership', 0, '1754-01-01', 0, '1754-01-01', '1754-01-01', date_add(current_timestamp(),INTERVAL -1 DAY) , date_add(current_timestamp(),INTERVAL -1 DAY) , 0, '$2a$16$GR4kVcRFqM9NHzjv5jt7qO8YHQja7sht1t2pf6TzJscGO2amOu0ay', 'Mother name', '$2a$16$Ys91LGmC4Ommdg252mMxCOr3ENsZknLJmVrImW6p3GZfLqeqyFrRC', 7007, 7001,1);
insert into users(ID,LAST_ACTIVITY_DATE,USER_NAME,APPLICATION_ID,CREATION_DATE,LAST_UPDATE_DATE,VERSION) VALUES (7008, '1754-01-01', 'sampleUser8', 7002,current_timestamp(),current_timestamp(),1);
insert into memberships(ENABLED,CREATION_DATE,DESCRIPTION,FAILED_PWD_QUES_ANS_ATMPT_CNT,FAILED_PWD_ANS_ATPT_WIN_START,FAILED_PWD_ATMPT_CNT,FAILED_PWD_ATMPT_WIN_START,LAST_LOCK_OUT_DATE,LAST_LOGIN_DATE,LAST_PWD_CHANGE_DATE,LOCKED_OUT,PASSWORD,PASSWORD_QUESTION,PASSWORD_QUESTION_ANSWER,USER_ID,APPLICATION_ID,ENCRYPTED) VALUES (1, current_timestamp(), 'Description of membership', 0, '1754-01-01', 0, '1754-01-01', '1754-01-01', '1754-01-01', '1754-01-01', 0, '$2a$16$GR4kVcRFqM9NHzjv5jt7qO8YHQja7sht1t2pf6TzJscGO2amOu0ay', 'Mother name', '$2a$16$Ys91LGmC4Ommdg252mMxCOr3ENsZknLJmVrImW6p3GZfLqeqyFrRC', 7008, 7002,1);
insert into groups(ID,NAME,DESCRIPTION,APPLICATION_ID,creation_date,last_update_date,version) VALUES (7001,'Group 1','Group description',7001,current_timestamp(),current_timestamp(),1);
insert into authorities(ID,NAME,DESCRIPTION,APPLICATION_ID,creation_date,last_update_date,version) VALUES (7001,'Authority 1','Authority description',7001,current_timestamp(),current_timestamp(),1);
insert into groups(ID,NAME,DESCRIPTION,APPLICATION_ID,creation_date,last_update_date,version) VALUES (7002,'Group 2','Group description',7002,current_timestamp(),current_timestamp(),1);
insert into authorities(ID,NAME,DESCRIPTION,APPLICATION_ID,creation_date,last_update_date,version) VALUES (7002,'Authority 2','Authority description',7002,current_timestamp(),current_timestamp(),1);
insert into group_authorities(GROUP_ID,AUTHORITY_ID) VALUES (7001,7001);
insert into group_authorities(GROUP_ID,AUTHORITY_ID) VALUES (7002,7002);
insert into group_users(USER_ID,GROUP_ID) VALUES (7001,7001);
insert into group_users(USER_ID,GROUP_ID) VALUES (7002,7001);
insert into group_users(USER_ID,GROUP_ID) VALUES (7003,7001);
insert into group_users(USER_ID,GROUP_ID) VALUES (7004,7001);
insert into group_users(USER_ID,GROUP_ID) VALUES (7005,7001);
insert into group_users(USER_ID,GROUP_ID) VALUES (7006,7001);
insert into group_users(USER_ID,GROUP_ID) VALUES (7007,7001);
insert into group_users(USER_ID,GROUP_ID) VALUES (7008,7002);
commit;