insert into profile(id,user_name,first_name,last_name,creation_date,last_update_date,version) values (4001,'sample_user1','Sample','User1',current_timestamp(),current_timestamp(),1);
insert into profile(id,user_name,first_name,last_name,creation_date,last_update_date,version) values (4002,'sample_user2','Sample','User2',current_timestamp(),current_timestamp(),1);
insert into profile(id,user_name,first_name,last_name,creation_date,last_update_date,version) values (4003,'sample_user3','Sample','User3',current_timestamp(),current_timestamp(),1);
insert into profile(id,user_name,first_name,last_name,creation_date,last_update_date,version) values (4004,'sample_user4','Sample','User4',current_timestamp(),current_timestamp(),1);
insert into profile(id,user_name,first_name,last_name,creation_date,last_update_date,version) values (4005,'sample_user5','Sample','User5',current_timestamp(),current_timestamp(),1);
insert into profile(id,user_name,first_name,last_name,creation_date,last_update_date,version) values (4006,'sample_user6','Sample','User6',current_timestamp(),current_timestamp(),1);
insert into profile(id,user_name,first_name,last_name,creation_date,last_update_date,version) values (4007,'sample_user7','Sample','User7',current_timestamp(),current_timestamp(),1);
insert into journal(id,name,owner_profile_id,active,creation_date,last_update_date,version) values (4001,'ACIMED',4001,1,current_timestamp(),current_timestamp(),1);
insert into journal(id,name,owner_profile_id,active,creation_date,last_update_date,version) values (4002,'Acta Anaesthesiologica Scandinavica',4001,1,current_timestamp(),current_timestamp(),1);
insert into journal(id,name,owner_profile_id,active,creation_date,last_update_date,version) values (4003,'Acta Oto-Laryngologica',4001,1,current_timestamp(),current_timestamp(),1);
insert into journal(id,name,owner_profile_id,active,creation_date,last_update_date,version) values (4004,'Acta Orthopaedica et Traumatologica Turcica',4001,1,current_timestamp(),current_timestamp(),1);
insert into journal(id,name,owner_profile_id,active,creation_date,last_update_date,version) values (4005,'Messenger',4001,1,current_timestamp(),current_timestamp(),1);
insert into subscription(id,journal_id,subscriber_profile_id,subscription_date,creation_date,last_update_date,version) values (4001,4001,4001,current_timestamp(),current_timestamp(),current_timestamp(),1);
insert into subscription(id,journal_id,subscriber_profile_id,subscription_date,creation_date,last_update_date,version) values (4002,4003,4001,current_timestamp(),current_timestamp(),current_timestamp(),1);
insert into subscription(id,journal_id,subscriber_profile_id,subscription_date,creation_date,last_update_date,version) values (4003,4002,4006,current_timestamp(),current_timestamp(),current_timestamp(),1);
insert into subscription(id,journal_id,subscriber_profile_id,subscription_date,creation_date,last_update_date,version) values (4004,4002,4007,current_timestamp(),current_timestamp(),current_timestamp(),1);
insert into subscription(id,journal_id,subscriber_profile_id,subscription_date,creation_date,last_update_date,version) values (4005,4002,4003,current_timestamp(),current_timestamp(),current_timestamp(),1);
insert into subscription(id,journal_id,subscriber_profile_id,subscription_date,creation_date,last_update_date,version) values (4006,4004,4001,current_timestamp(),current_timestamp(),current_timestamp(),1);
insert into subscription(id,journal_id,subscriber_profile_id,subscription_date,creation_date,last_update_date,version) values (4007,4001,4007,current_timestamp(),current_timestamp(),current_timestamp(),1);
insert into subscription(id,journal_id,subscriber_profile_id,subscription_date,creation_date,last_update_date,version) values (4008,4001,4003,current_timestamp(),current_timestamp(),current_timestamp(),1);
insert into subscription(id,journal_id,subscriber_profile_id,subscription_date,creation_date,last_update_date,version) values (4009,4001,4004,current_timestamp(),current_timestamp(),current_timestamp(),1);
insert into subscription(id,journal_id,subscriber_profile_id,subscription_date,creation_date,last_update_date,version) values (4010,4001,4005,current_timestamp(),current_timestamp(),current_timestamp(),1);
insert into subscription(id,journal_id,subscriber_profile_id,subscription_date,creation_date,last_update_date,version) values (4011,4001,4006,current_timestamp(),current_timestamp(),current_timestamp(),1);
commit;
