insert into department(id,name,creation_date,last_update_date,version) values (6001,'Department 6001',current_timestamp(),current_timestamp(),1);
insert into location(id,name,creation_date,last_update_date,version) values (6001,'Location 6001',current_timestamp(),current_timestamp(),1);
insert into location(id,name,creation_date,last_update_date,version) values (6002,'Location 6002',current_timestamp(),current_timestamp(),1);
insert into product(id,number,name,safety_stock_level,reorder_point,stock_cover,description,creation_date,last_update_date,version) values (6001,'PDT-6001','Sample Product 1',1000,750,3,'Product description',current_timestamp(),current_timestamp(),1);
insert into product(id,number,name,safety_stock_level,reorder_point,stock_cover,description,creation_date,last_update_date,version) values (6002,'PDT-6002','Sample Product 2',500,375,3,'Product description',current_timestamp(),current_timestamp(),1);
insert into product(id,number,name,safety_stock_level,reorder_point,stock_cover,description,creation_date,last_update_date,version) values (6003,'PDT-6003','Sample Product 3',500,375,3,'Product description',current_timestamp(),current_timestamp(),1);
insert into product(id,number,name,safety_stock_level,reorder_point,stock_cover,description,creation_date,last_update_date,version) values (6004,'PDT-6004','Sample Product 4',1300,375,3,'Product description',current_timestamp(),current_timestamp(),1);
insert into product_inventory(location_id,product_id,quantity,creation_date,last_update_date,version) values (6001,6001,250,current_timestamp(),current_timestamp(),1);
insert into product_inventory(location_id,product_id,quantity,creation_date,last_update_date,version) values (6001,6003,900,current_timestamp(),current_timestamp(),1);
insert into product_inventory(location_id,product_id,quantity,creation_date,last_update_date,version) values (6001,6004,1200,current_timestamp(),current_timestamp(),1);
insert into product_inventory(location_id,product_id,quantity,creation_date,last_update_date,version) values (6002,6001,2000,current_timestamp(),current_timestamp(),1);
insert into product_inventory(location_id,product_id,quantity,creation_date,last_update_date,version) values (6002,6002,3250,current_timestamp(),current_timestamp(),1);
insert into product_inventory(location_id,product_id,quantity,creation_date,last_update_date,version) values (6002,6003,400,current_timestamp(),current_timestamp(),1);
insert into product_inventory(location_id,product_id,quantity,creation_date,last_update_date,version) values (6002,6004,6000,current_timestamp(),current_timestamp(),1);
insert into locale(id,name,language_code,lcid,creation_date,last_update_date,version) values (6001,'English - United States','en','en-us',current_timestamp(),current_timestamp(),1);
insert into email_recipient(id,name,email,locale_id,creation_date,last_update_date,version) values (6001,'Application Developer','biya-bi@hotmail.fr',6001,current_timestamp(),current_timestamp(),1);
insert into schedule(id,creation_date,last_update_date,version) values (6001,current_timestamp(),current_timestamp(),1);
insert into alert(id,alert_category,alert_type,is_enabled,schedule_id,is_immediate,creation_date,last_update_date,version) values (6001,'STOCK_LEVEL','WARNING',1,6001,1,current_timestamp(),current_timestamp(),1);
insert into alert_email_recipient(alert_id,email_recipient_id) values (6001,6001);
commit;