insert into department(id,name,creation_date,last_update_date,version) values (10001,'Department 10001',current_timestamp(),current_timestamp(),1);
insert into location(id,name,creation_date,last_update_date,version) values (10001,'Location 10001',current_timestamp(),current_timestamp(),1);
insert into location(id,name,creation_date,last_update_date,version) values (10002,'Location 10002',current_timestamp(),current_timestamp(),1);
insert into location(id,name,creation_date,last_update_date,version) values (10003,'Location 10003',current_timestamp(),current_timestamp(),1);
insert into location(id,name,creation_date,last_update_date,version) values (10004,'Location 10004',current_timestamp(),current_timestamp(),1);
insert into location(id,name,creation_date,last_update_date,version) values (10005,'Location 10005',current_timestamp(),current_timestamp(),1);
insert into location(id,name,creation_date,last_update_date,version) values (10006,'Location 10006',current_timestamp(),current_timestamp(),1);
insert into location(id,name,creation_date,last_update_date,version) values (10007,'Location 10007',current_timestamp(),current_timestamp(),1);
insert into location(id,name,creation_date,last_update_date,version) values (10008,'Location 10008',current_timestamp(),current_timestamp(),1);
insert into location(id,name,creation_date,last_update_date,version) values (10009,'Location 10009',current_timestamp(),current_timestamp(),1);
insert into location(id,name,creation_date,last_update_date,version) values (10010,'Location 10010',current_timestamp(),current_timestamp(),1);
insert into location(id,name,creation_date,last_update_date,version) values (10011,'Location 10011',current_timestamp(),current_timestamp(),1);
insert into location(id,name,creation_date,last_update_date,version) values (10012,'Location 10012',current_timestamp(),current_timestamp(),1);
insert into location(id,name,creation_date,last_update_date,version) values (10013,'Location 10013',current_timestamp(),current_timestamp(),1);
insert into product(id,number,name,safety_stock_level,reorder_point,stock_cover,description,creation_date,last_update_date,version) values (10001,'PDT-10001','Sample Product 1',1000,750,3,'Product description',current_timestamp(),current_timestamp(),1);
insert into product(id,number,name,safety_stock_level,reorder_point,stock_cover,description,creation_date,last_update_date,version) values (10002,'PDT-10002','Sample Product 2',500,375,3,'Product description',current_timestamp(),current_timestamp(),1);
insert into product(id,number,name,safety_stock_level,reorder_point,stock_cover,description,creation_date,last_update_date,version) values (10003,'PDT-10003','Sample Product 3',500,375,3,'Product description',current_timestamp(),current_timestamp(),1);
insert into product_inventory(location_id,product_id,quantity,creation_date,last_update_date,version) values (10001,10001,250,current_timestamp(),current_timestamp(),1);
insert into product_inventory(location_id,product_id,quantity,creation_date,last_update_date,version) values (10002,10001,900,current_timestamp(),current_timestamp(),1);
insert into product_inventory(location_id,product_id,quantity,creation_date,last_update_date,version) values (10002,10002,1200,current_timestamp(),current_timestamp(),1);
insert into product_inventory(location_id,product_id,quantity,creation_date,last_update_date,version) values (10003,10001,700,current_timestamp(),current_timestamp(),1);
insert into product_inventory(location_id,product_id,quantity,creation_date,last_update_date,version) values (10003,10002,600,current_timestamp(),current_timestamp(),1);
insert into product_inventory(location_id,product_id,quantity,creation_date,last_update_date,version) values (10003,10003,800,current_timestamp(),current_timestamp(),1);
insert into product_inventory(location_id,product_id,quantity,creation_date,last_update_date,version) values (10004,10001,500,current_timestamp(),current_timestamp(),1);
insert into product_inventory(location_id,product_id,quantity,creation_date,last_update_date,version) values (10004,10002,400,current_timestamp(),current_timestamp(),1);
insert into product_inventory(location_id,product_id,quantity,creation_date,last_update_date,version) values (10005,10001,1400,current_timestamp(),current_timestamp(),1);
insert into product_inventory(location_id,product_id,quantity,creation_date,last_update_date,version) values (10005,10002,800,current_timestamp(),current_timestamp(),1);
insert into product_inventory(location_id,product_id,quantity,creation_date,last_update_date,version) values (10006,10001,2000,current_timestamp(),current_timestamp(),1);
insert into product_inventory(location_id,product_id,quantity,creation_date,last_update_date,version) values (10006,10002,1240,current_timestamp(),current_timestamp(),1);
insert into product_inventory(location_id,product_id,quantity,creation_date,last_update_date,version) values (10007,10001,1000,current_timestamp(),current_timestamp(),1);
insert into product_inventory(location_id,product_id,quantity,creation_date,last_update_date,version) values (10007,10002,1125,current_timestamp(),current_timestamp(),1);
insert into product_inventory(location_id,product_id,quantity,creation_date,last_update_date,version) values (10008,10001,1040,current_timestamp(),current_timestamp(),1);
insert into product_inventory(location_id,product_id,quantity,creation_date,last_update_date,version) values (10008,10002,2061,current_timestamp(),current_timestamp(),1);
insert into product_inventory(location_id,product_id,quantity,creation_date,last_update_date,version) values (10009,10001,800,current_timestamp(),current_timestamp(),1);
insert into product_inventory(location_id,product_id,quantity,creation_date,last_update_date,version) values (10009,10002,2905,current_timestamp(),current_timestamp(),1);
insert into product_inventory(location_id,product_id,quantity,creation_date,last_update_date,version) values (10010,10001,1225,current_timestamp(),current_timestamp(),1);
insert into product_inventory(location_id,product_id,quantity,creation_date,last_update_date,version) values (10010,10002,708,current_timestamp(),current_timestamp(),1);
insert into product_inventory(location_id,product_id,quantity,creation_date,last_update_date,version) values (10011,10002,630,current_timestamp(),current_timestamp(),1);
insert into product_inventory(location_id,product_id,quantity,creation_date,last_update_date,version) values (10011,10001,845,current_timestamp(),current_timestamp(),1);
insert into product_inventory(location_id,product_id,quantity,creation_date,last_update_date,version) values (10012,10001,50,current_timestamp(),current_timestamp(),1);
insert into product_inventory(location_id,product_id,quantity,creation_date,last_update_date,version) values (10013,10001,4000,current_timestamp(),current_timestamp(),1);
insert into product_inventory(location_id,product_id,quantity,creation_date,last_update_date,version) values (10013,10002,3000,current_timestamp(),current_timestamp(),1);
insert into document(id,dtype,creation_date,last_update_date,reference_number,version) values (10001,'ProductIssue',current_timestamp(),current_timestamp(),'PI-10001',1);
insert into product_issue(id,location_id,requisitioner,department_id,issue_date) values (10001,10002,'Requisitioner 1',10001,current_timestamp());
insert into product_issue_detail(detail_id,product_issue_id,product_id,quantity,creation_date,last_update_date,version) values (1,10001,10001,800,current_timestamp(),current_timestamp(),1);
insert into product_issue_detail(detail_id,product_issue_id,product_id,quantity,creation_date,last_update_date,version) values (2,10001,10002,1000,current_timestamp(),current_timestamp(),1);
insert into document(id,dtype,creation_date,last_update_date,reference_number,version) values (10002,'ProductIssue',current_timestamp(),current_timestamp(),'PI-10002',1);
insert into product_issue(id,location_id,requisitioner,department_id,issue_date) values (10002,10003,'Requisitioner 1',10001,current_timestamp());
insert into product_issue_detail(detail_id,product_issue_id,product_id,quantity,creation_date,last_update_date,version) values (1,10002,10001,400,current_timestamp(),current_timestamp(),1);
insert into product_issue_detail(detail_id,product_issue_id,product_id,quantity,creation_date,last_update_date,version) values (2,10002,10002,200,current_timestamp(),current_timestamp(),1);
insert into document(id,dtype,creation_date,last_update_date,reference_number,version) values (10003,'ProductIssue',current_timestamp(),current_timestamp(),'PI-10003',1);
insert into product_issue(id,location_id,requisitioner,department_id,issue_date) values (10003,10004,'Requisitioner 1',10001,current_timestamp());
insert into product_issue_detail(detail_id,product_issue_id,product_id,quantity,creation_date,last_update_date,version) values (1,10003,10001,10001,current_timestamp(),current_timestamp(),1);
insert into product_issue_detail(detail_id,product_issue_id,product_id,quantity,creation_date,last_update_date,version) values (2,10003,10002,50,current_timestamp(),current_timestamp(),1);
insert into document(id,dtype,creation_date,last_update_date,reference_number,version) values (10004,'ProductIssue',current_timestamp(),current_timestamp(),'PI-10004',1);
insert into product_issue(id,location_id,requisitioner,department_id,issue_date) values (10004,10005,'Requisitioner 1',10001,current_timestamp());
insert into product_issue_detail(detail_id,product_issue_id,product_id,quantity,creation_date,last_update_date,version) values (1,10004,10001,800,current_timestamp(),current_timestamp(),1);
insert into product_issue_detail(detail_id,product_issue_id,product_id,quantity,creation_date,last_update_date,version) values (2,10004,10002,750,current_timestamp(),current_timestamp(),1);
insert into document(id,dtype,creation_date,last_update_date,reference_number,version) values (10005,'ProductIssue',current_timestamp(),current_timestamp(),'PI-10005',1);
insert into product_issue(id,location_id,requisitioner,department_id,issue_date) values (10005,10006,'Requisitioner 1',10001,current_timestamp());
insert into product_issue_detail(detail_id,product_issue_id,product_id,quantity,creation_date,last_update_date,version) values (1,10005,10001,2300,current_timestamp(),current_timestamp(),1);
insert into product_issue_detail(detail_id,product_issue_id,product_id,quantity,creation_date,last_update_date,version) values (2,10005,10002,1240,current_timestamp(),current_timestamp(),1);
insert into document(id,dtype,creation_date,last_update_date,reference_number,version) values (10006,'ProductIssue',current_timestamp(),current_timestamp(),'PI-10006',1);
insert into product_issue(id,location_id,requisitioner,department_id,issue_date) values (10006,10007,'Requisitioner 1',10001,current_timestamp());
insert into product_issue_detail(detail_id,product_issue_id,product_id,quantity,creation_date,last_update_date,version) values (1,10006,10001,500,current_timestamp(),current_timestamp(),1);
insert into product_issue_detail(detail_id,product_issue_id,product_id,quantity,creation_date,last_update_date,version) values (2,10006,10002,600,current_timestamp(),current_timestamp(),1);
insert into document(id,dtype,creation_date,last_update_date,reference_number,version) values (10007,'ProductIssue',current_timestamp(),current_timestamp(),'PI-10007',1);
insert into product_issue(id,location_id,requisitioner,department_id,issue_date) values (10007,10008,'Requisitioner 1',10001,current_timestamp());
insert into product_issue_detail(detail_id,product_issue_id,product_id,quantity,creation_date,last_update_date,version) values (1,10007,10001,500,current_timestamp(),current_timestamp(),1);
insert into document(id,dtype,creation_date,last_update_date,reference_number,version) values (10008,'ProductIssue',current_timestamp(),current_timestamp(),'PI-10008',1);
insert into product_issue(id,location_id,requisitioner,department_id,issue_date) values (10008,10009,'Requisitioner 1',10001,current_timestamp());
insert into product_issue_detail(detail_id,product_issue_id,product_id,quantity,creation_date,last_update_date,version) values (1,10008,10001,500,current_timestamp(),current_timestamp(),1);
insert into product_issue_detail(detail_id,product_issue_id,product_id,quantity,creation_date,last_update_date,version) values (2,10008,10002,600,current_timestamp(),current_timestamp(),1);
insert into document(id,dtype,creation_date,last_update_date,reference_number,version) values (10009,'ProductIssue',current_timestamp(),current_timestamp(),'PI-10009',1);
insert into product_issue(id,location_id,requisitioner,department_id,issue_date) values (10009,10010,'Requisitioner 1',10001,current_timestamp());
insert into product_issue_detail(detail_id,product_issue_id,product_id,quantity,creation_date,last_update_date,version) values (1,10009,10001,200,current_timestamp(),current_timestamp(),1);
insert into product_issue_detail(detail_id,product_issue_id,product_id,quantity,creation_date,last_update_date,version) values (2,10009,10002,300,current_timestamp(),current_timestamp(),1);
insert into document(id,dtype,creation_date,last_update_date,reference_number,version) values (10010,'ProductIssue',current_timestamp(),current_timestamp(),'PI-10010',1);
insert into product_issue(id,location_id,requisitioner,department_id,issue_date) values (10010,10011,'Requisitioner 1',10001,current_timestamp());
insert into product_issue_detail(detail_id,product_issue_id,product_id,quantity,creation_date,last_update_date,version) values (1,10010,10001,200,current_timestamp(),current_timestamp(),1);
insert into product_issue_detail(detail_id,product_issue_id,product_id,quantity,creation_date,last_update_date,version) values (2,10010,10002,350,current_timestamp(),current_timestamp(),1);
insert into document(id,dtype,creation_date,last_update_date,reference_number,version) values (10011,'ProductIssue',current_timestamp(),current_timestamp(),'PI-10011',1);
insert into product_issue(id,location_id,requisitioner,department_id,issue_date) values (10011,10013,'Requisitioner 1',10001,current_timestamp());
insert into product_issue_detail(detail_id,product_issue_id,product_id,quantity,creation_date,last_update_date,version) values (1,10011,10001,960,current_timestamp(),current_timestamp(),1);
insert into product_issue_detail(detail_id,product_issue_id,product_id,quantity,creation_date,last_update_date,version) values (2,10011,10002,691,current_timestamp(),current_timestamp(),1);
insert into document(id,dtype,creation_date,last_update_date,reference_number,version) values (10012,'ProductIssue',current_timestamp(),current_timestamp(),'PI-10012',1);
insert into product_issue(id,location_id,requisitioner,department_id,issue_date) values (10012,10013,'Requisitioner 1',10001,current_timestamp());
insert into product_issue_detail(detail_id,product_issue_id,product_id,quantity,creation_date,last_update_date,version) values (1,10012,10001,900,current_timestamp(),current_timestamp(),1);
insert into product_issue_detail(detail_id,product_issue_id,product_id,quantity,creation_date,last_update_date,version) values (2,10012,10002,400,current_timestamp(),current_timestamp(),1);
commit;