insert into currency(id,name,symbol,creation_date,last_update_date,version) values (11001,'US Dollar','USD',current_timestamp(),current_timestamp(),1);
insert into business_entity(id,dtype,creation_date,last_update_date,version) values (11001,'Vendor',current_timestamp(),current_timestamp(),1);
insert into vendor(id,account_number,name,is_active,purchasing_url) values (11001,'VDR-11001','Vendor 11001',1,'www.optimum.org');
insert into location(id,name,creation_date,last_update_date,version) values (11001,'Location 11001',current_timestamp(),current_timestamp(),1);
insert into location(id,name,creation_date,last_update_date,version) values (11002,'Location 11002',current_timestamp(),current_timestamp(),1);
insert into location(id,name,creation_date,last_update_date,version) values (11003,'Location 11003',current_timestamp(),current_timestamp(),1);
insert into location(id,name,creation_date,last_update_date,version) values (11004,'Location 11004',current_timestamp(),current_timestamp(),1);
insert into location(id,name,creation_date,last_update_date,version) values (11005,'Location 11005',current_timestamp(),current_timestamp(),1);
insert into location(id,name,creation_date,last_update_date,version) values (11006,'Location 11006',current_timestamp(),current_timestamp(),1);
insert into location(id,name,creation_date,last_update_date,version) values (11007,'Location 11007',current_timestamp(),current_timestamp(),1);
insert into location(id,name,creation_date,last_update_date,version) values (11008,'Location 11008',current_timestamp(),current_timestamp(),1);
insert into location(id,name,creation_date,last_update_date,version) values (11009,'Location 11009',current_timestamp(),current_timestamp(),1);
insert into location(id,name,creation_date,last_update_date,version) values (11010,'Location 11010',current_timestamp(),current_timestamp(),1);
insert into location(id,name,creation_date,last_update_date,version) values (11011,'Location 11011',current_timestamp(),current_timestamp(),1);
insert into location(id,name,creation_date,last_update_date,version) values (11012,'Location 11012',current_timestamp(),current_timestamp(),1);
insert into location(id,name,creation_date,last_update_date,version) values (11013,'Location 11013',current_timestamp(),current_timestamp(),1);
insert into product(id,number,name,safety_stock_level,reorder_point,stock_cover,description,creation_date,last_update_date,version) values (11001,'PDT-11001','Sample Product 1',1000,750,3,'Product description',current_timestamp(),current_timestamp(),1);
insert into product(id,number,name,safety_stock_level,reorder_point,stock_cover,description,creation_date,last_update_date,version) values (11002,'PDT-11002','Sample Product 2',500,375,3,'Product description',current_timestamp(),current_timestamp(),1);
insert into product(id,number,name,safety_stock_level,reorder_point,stock_cover,description,creation_date,last_update_date,version) values (11003,'PDT-11003','Sample Product 3',500,375,3,'Product description',current_timestamp(),current_timestamp(),1);
insert into product(id,number,name,safety_stock_level,reorder_point,stock_cover,description,creation_date,last_update_date,version) values (11004,'PDT-11004','Sample Product 4',1300,375,3,'Product description',current_timestamp(),current_timestamp(),1);
insert into product_inventory(location_id,product_id,quantity,creation_date,last_update_date,version) values (11001,11001,250,current_timestamp(),current_timestamp(),1);
insert into product_inventory(location_id,product_id,quantity,creation_date,last_update_date,version) values (11002,11001,900,current_timestamp(),current_timestamp(),1);
insert into product_inventory(location_id,product_id,quantity,creation_date,last_update_date,version) values (11002,11002,1200,current_timestamp(),current_timestamp(),1);
insert into product_inventory(location_id,product_id,quantity,creation_date,last_update_date,version) values (11003,11001,700,current_timestamp(),current_timestamp(),1);
insert into product_inventory(location_id,product_id,quantity,creation_date,last_update_date,version) values (11003,11002,600,current_timestamp(),current_timestamp(),1);
insert into product_inventory(location_id,product_id,quantity,creation_date,last_update_date,version) values (11004,11001,400,current_timestamp(),current_timestamp(),1);
insert into product_inventory(location_id,product_id,quantity,creation_date,last_update_date,version) values (11004,11002,500,current_timestamp(),current_timestamp(),1);
insert into product_inventory(location_id,product_id,quantity,creation_date,last_update_date,version) values (11005,11001,1400,current_timestamp(),current_timestamp(),1);
insert into product_inventory(location_id,product_id,quantity,creation_date,last_update_date,version) values (11005,11002,800,current_timestamp(),current_timestamp(),1);
insert into product_inventory(location_id,product_id,quantity,creation_date,last_update_date,version) values (11006,11001,2000,current_timestamp(),current_timestamp(),1);
insert into product_inventory(location_id,product_id,quantity,creation_date,last_update_date,version) values (11006,11002,1240,current_timestamp(),current_timestamp(),1);
insert into product_inventory(location_id,product_id,quantity,creation_date,last_update_date,version) values (11007,11001,1000,current_timestamp(),current_timestamp(),1);
insert into product_inventory(location_id,product_id,quantity,creation_date,last_update_date,version) values (11007,11002,1125,current_timestamp(),current_timestamp(),1);
insert into product_inventory(location_id,product_id,quantity,creation_date,last_update_date,version) values (11008,11001,1040,current_timestamp(),current_timestamp(),1);
insert into product_inventory(location_id,product_id,quantity,creation_date,last_update_date,version) values (11008,11002,2061,current_timestamp(),current_timestamp(),1);
insert into product_inventory(location_id,product_id,quantity,creation_date,last_update_date,version) values (11009,11001,800,current_timestamp(),current_timestamp(),1);
insert into product_inventory(location_id,product_id,quantity,creation_date,last_update_date,version) values (11009,11002,905,current_timestamp(),current_timestamp(),1);
insert into product_inventory(location_id,product_id,quantity,creation_date,last_update_date,version) values (11010,11001,225,current_timestamp(),current_timestamp(),1);
insert into product_inventory(location_id,product_id,quantity,creation_date,last_update_date,version) values (11011,11002,630,current_timestamp(),current_timestamp(),1);
insert into product_inventory(location_id,product_id,quantity,creation_date,last_update_date,version) values (11011,11001,845,current_timestamp(),current_timestamp(),1);
insert into product_inventory(location_id,product_id,quantity,creation_date,last_update_date,version) values (11013,11001,305,current_timestamp(),current_timestamp(),1);
insert into document(id,dtype,creation_date,last_update_date,reference_number,version) values (11001,'ProductReceipt',current_timestamp(),current_timestamp(),'PR-11001',1);
insert into product_receipt(id,location_id,vendor_id,currency_id,receipt_date) values (11001,11001,11001,11001,current_timestamp());
insert into document(id,dtype,creation_date,last_update_date,reference_number,version) values (11002,'ProductReceipt',current_timestamp(),current_timestamp(),'PR-11002',1);
insert into product_receipt(id,location_id,vendor_id,currency_id,receipt_date) values (11002,11002,11001,11001,current_timestamp());
insert into product_receipt_detail(detail_id,product_receipt_id,product_id,quantity,unit_price,creation_date,last_update_date,version) values (1,11002,11001,800,1,current_timestamp(),current_timestamp(),1);
insert into product_receipt_detail(detail_id,product_receipt_id,product_id,quantity,unit_price,creation_date,last_update_date,version) values (2,11002,11002,1000,1.5,current_timestamp(),current_timestamp(),1);
insert into document(id,dtype,creation_date,last_update_date,reference_number,version) values (11003,'ProductReceipt',current_timestamp(),current_timestamp(),'PR-11003',1);
insert into product_receipt(id,location_id,vendor_id,currency_id,receipt_date) values (11003,11003,11001,11001,current_timestamp());
insert into product_receipt_detail(detail_id,product_receipt_id,product_id,quantity,unit_price,creation_date,last_update_date,version) values (1,11003,11001,400,3,current_timestamp(),current_timestamp(),1);
insert into product_receipt_detail(detail_id,product_receipt_id,product_id,quantity,unit_price,creation_date,last_update_date,version) values (2,11003,11002,200,8,current_timestamp(),current_timestamp(),1);
insert into document(id,dtype,creation_date,last_update_date,reference_number,version) values (11004,'ProductReceipt',current_timestamp(),current_timestamp(),'PR-11004',1);
insert into product_receipt(id,location_id,vendor_id,currency_id,receipt_date) values (11004,11004,11001,11001,current_timestamp());
insert into product_receipt_detail(detail_id,product_receipt_id,product_id,quantity,unit_price,creation_date,last_update_date,version) values (1,11004,11001,100,5,current_timestamp(),current_timestamp(),1);
insert into product_receipt_detail(detail_id,product_receipt_id,product_id,quantity,unit_price,creation_date,last_update_date,version) values (2,11004,11002,50,4,current_timestamp(),current_timestamp(),1);
insert into document(id,dtype,creation_date,last_update_date,reference_number,version) values (11005,'ProductReceipt',current_timestamp(),current_timestamp(),'PR-11005',1);
insert into product_receipt(id,location_id,vendor_id,currency_id,receipt_date) values (11005,11005,11001,11001,current_timestamp());
insert into product_receipt_detail(detail_id,product_receipt_id,product_id,quantity,unit_price,creation_date,last_update_date,version) values (1,11005,11001,800,15,current_timestamp(),current_timestamp(),1);
insert into product_receipt_detail(detail_id,product_receipt_id,product_id,quantity,unit_price,creation_date,last_update_date,version) values (2,11005,11002,750,6,current_timestamp(),current_timestamp(),1);
insert into document(id,dtype,creation_date,last_update_date,reference_number,version) values (11006,'ProductReceipt',current_timestamp(),current_timestamp(),'PR-11006',1);
insert into product_receipt(id,location_id,vendor_id,currency_id,receipt_date) values (11006,11006,11001,11001,current_timestamp());
insert into product_receipt_detail(detail_id,product_receipt_id,product_id,quantity,unit_price,creation_date,last_update_date,version) values (1,11006,11001,2300,9,current_timestamp(),current_timestamp(),1);
insert into product_receipt_detail(detail_id,product_receipt_id,product_id,quantity,unit_price,creation_date,last_update_date,version) values (2,11006,11002,1240,1,current_timestamp(),current_timestamp(),1);
insert into document(id,dtype,creation_date,last_update_date,reference_number,version) values (11007,'ProductReceipt',current_timestamp(),current_timestamp(),'PR-11007',1);
insert into product_receipt(id,location_id,vendor_id,currency_id,receipt_date) values (11007,11007,11001,11001,current_timestamp());
insert into product_receipt_detail(detail_id,product_receipt_id,product_id,quantity,unit_price,creation_date,last_update_date,version) values (1,11007,11001,500,3,current_timestamp(),current_timestamp(),1);
insert into product_receipt_detail(detail_id,product_receipt_id,product_id,quantity,unit_price,creation_date,last_update_date,version) values (2,11007,11002,600,2,current_timestamp(),current_timestamp(),1);
insert into product_receipt_detail(detail_id,product_receipt_id,product_id,quantity,unit_price,creation_date,last_update_date,version) values (3,11007,11003,400,3,current_timestamp(),current_timestamp(),1);
insert into document(id,dtype,creation_date,last_update_date,reference_number,version) values (11008,'ProductReceipt',current_timestamp(),current_timestamp(),'PR-11008',1);
insert into product_receipt(id,location_id,vendor_id,currency_id,receipt_date) values (11008,11008,11001,11001,current_timestamp());
insert into product_receipt_detail(detail_id,product_receipt_id,product_id,quantity,unit_price,creation_date,last_update_date,version) values (1,11008,11001,500,4,current_timestamp(),current_timestamp(),1);
insert into product_receipt_detail(detail_id,product_receipt_id,product_id,quantity,unit_price,creation_date,last_update_date,version) values (2,11008,11002,600,3.25,current_timestamp(),current_timestamp(),1);
insert into document(id,dtype,creation_date,last_update_date,reference_number,version) values (11009,'ProductReceipt',current_timestamp(),current_timestamp(),'PR-11009',1);
insert into product_receipt(id,location_id,vendor_id,currency_id,receipt_date) values (11009,11009,11001,11001,current_timestamp());
insert into product_receipt_detail(detail_id,product_receipt_id,product_id,quantity,unit_price,creation_date,last_update_date,version) values (1,11009,11001,500,1.75,current_timestamp(),current_timestamp(),1);
insert into product_receipt_detail(detail_id,product_receipt_id,product_id,quantity,unit_price,creation_date,last_update_date,version) values (2,11009,11002,600,9,current_timestamp(),current_timestamp(),1);
insert into document(id,dtype,creation_date,last_update_date,reference_number,version) values (11010,'ProductReceipt',current_timestamp(),current_timestamp(),'PR-11010',1);
insert into product_receipt(id,location_id,vendor_id,currency_id,receipt_date) values (11010,11011,11001,11001,current_timestamp());
insert into product_receipt_detail(detail_id,product_receipt_id,product_id,quantity,unit_price,creation_date,last_update_date,version) values (1,11010,11001,200,5,current_timestamp(),current_timestamp(),1);
insert into product_receipt_detail(detail_id,product_receipt_id,product_id,quantity,unit_price,creation_date,last_update_date,version) values (2,11010,11002,300,4,current_timestamp(),current_timestamp(),1);
insert into document(id,dtype,creation_date,last_update_date,reference_number,version) values (11011,'ProductReceipt',current_timestamp(),current_timestamp(),'PR-11011',1);
insert into product_receipt(id,location_id,vendor_id,currency_id,receipt_date) values (11011,11012,11001,11001,current_timestamp());
insert into product_receipt_detail(detail_id,product_receipt_id,product_id,quantity,unit_price,creation_date,last_update_date,version) values (1,11011,11001,200,3.5,current_timestamp(),current_timestamp(),1);
insert into document(id,dtype,creation_date,last_update_date,reference_number,version) values (11012,'ProductReceipt',current_timestamp(),current_timestamp(),'PR-11012',1);
insert into product_receipt(id,location_id,vendor_id,currency_id,receipt_date) values (11012,11013,11001,11001,current_timestamp());
insert into product_receipt_detail(detail_id,product_receipt_id,product_id,quantity,unit_price,creation_date,last_update_date,version) values (1,11012,11001,305,4,current_timestamp(),current_timestamp(),1);
insert into document(id,dtype,creation_date,last_update_date,reference_number,version) values (11013,'ProductReceipt',current_timestamp(),current_timestamp(),'PR-11013',1);
insert into product_receipt(id,location_id,vendor_id,currency_id,receipt_date) values (11013,11013,11001,11001,current_timestamp());
insert into product_receipt_detail(detail_id,product_receipt_id,product_id,quantity,unit_price,creation_date,last_update_date,version) values (1,11013,11001,500,7,current_timestamp(),current_timestamp(),1);
insert into document(id,dtype,creation_date,last_update_date,reference_number,version) values (11014,'ProductReceipt',current_timestamp(),current_timestamp(),'PR-11014',1);
insert into product_receipt(id,location_id,vendor_id,currency_id,receipt_date) values (11014,11013,11001,11001,current_timestamp());
insert into product_receipt_detail(detail_id,product_receipt_id,product_id,quantity,unit_price,creation_date,last_update_date,version) values (1,11014,11001,305,8.25,current_timestamp(),current_timestamp(),1);
commit;