insert into location(id,name,creation_date,last_update_date,version) values (15001,'Location 15001',current_timestamp(),current_timestamp(),1);
insert into location(id,name,creation_date,last_update_date,version) values (15002,'Location 15002',current_timestamp(),current_timestamp(),1);
insert into location(id,name,creation_date,last_update_date,version) values (15003,'Location 15003',current_timestamp(),current_timestamp(),1);
insert into location(id,name,creation_date,last_update_date,version) values (15004,'Location 15004',current_timestamp(),current_timestamp(),1);
insert into location(id,name,creation_date,last_update_date,version) values (15005,'Location 15005',current_timestamp(),current_timestamp(),1);
insert into location(id,name,creation_date,last_update_date,version) values (15006,'Location 15006',current_timestamp(),current_timestamp(),1);
insert into location(id,name,creation_date,last_update_date,version) values (15007,'Location 15007',current_timestamp(),current_timestamp(),1);
insert into location(id,name,creation_date,last_update_date,version) values (15008,'Location 15008',current_timestamp(),current_timestamp(),1);
insert into location(id,name,creation_date,last_update_date,version) values (15009,'Location 15009',current_timestamp(),current_timestamp(),1);
insert into location(id,name,creation_date,last_update_date,version) values (15010,'Location 15010',current_timestamp(),current_timestamp(),1);
insert into location(id,name,creation_date,last_update_date,version) values (15011,'Location 15011',current_timestamp(),current_timestamp(),1);
insert into location(id,name,creation_date,last_update_date,version) values (15012,'Location 15012',current_timestamp(),current_timestamp(),1);
insert into ship_method(id,name,creation_date,last_update_date,version) values (15001,'Road',current_timestamp(),current_timestamp(),1);
insert into product(id,number,name,safety_stock_level,reorder_point,stock_cover,description,creation_date,last_update_date,version) values (15001,'PDT-15001','Sample Product 1',1000,750,3,'Product description',current_timestamp(),current_timestamp(),1);
insert into product(id,number,name,safety_stock_level,reorder_point,stock_cover,description,creation_date,last_update_date,version) values (15002,'PDT-15002','Sample Product 2',500,375,3,'Product description',current_timestamp(),current_timestamp(),1);
insert into product(id,number,name,safety_stock_level,reorder_point,stock_cover,description,creation_date,last_update_date,version) values (15003,'PDT-15003','Sample Product 3',800,600,3,'Product description',current_timestamp(),current_timestamp(),1);
insert into product_inventory(location_id,product_id,quantity,creation_date,last_update_date,version) values (15003,15001,6000,current_timestamp(),current_timestamp(),1);
insert into product_inventory(location_id,product_id,quantity,creation_date,last_update_date,version) values (15005,15001,4475,current_timestamp(),current_timestamp(),1);
insert into product_inventory(location_id,product_id,quantity,creation_date,last_update_date,version) values (15007,15001,3000,current_timestamp(),current_timestamp(),1);
insert into product_inventory(location_id,product_id,quantity,creation_date,last_update_date,version) values (15012,15001,3000,current_timestamp(),current_timestamp(),1);
insert into document(id,dtype,creation_date,last_update_date,reference_number,version) values (15001,'ShippingOrder',current_timestamp(),current_timestamp(),'SPO-15001',1);
insert into shipping_order(id,source_location_id,target_location_id,status,ship_method_id) values (15001,15001,15002,'PENDING',15001);
insert into shipping_order_detail(detail_id,shipped_quantity,received_quantity,rejected_quantity,product_id,shipping_order_id,creation_date,last_update_date,version) values (1,1225,0,0,15001,15001,current_timestamp(),current_timestamp(),1);
insert into document(id,dtype,creation_date,last_update_date,reference_number,version) values (15002,'ShippingOrder',current_timestamp(),current_timestamp(),'SPO-15002',1);
insert into shipping_order(id,source_location_id,target_location_id,status,ship_method_id) values (15002,15001,15002,'PENDING',15001);
insert into shipping_order_detail(detail_id,shipped_quantity,received_quantity,rejected_quantity,product_id,shipping_order_id,creation_date,last_update_date,version) values (1,1225,0,0,15001,15002,current_timestamp(),current_timestamp(),1);
insert into document(id,dtype,creation_date,last_update_date,reference_number,version) values (15003,'ShippingOrder',current_timestamp(),current_timestamp(),'SPO-15003',1);
insert into shipping_order(id,source_location_id,target_location_id,status,ship_method_id) values (15003,15001,15002,'PENDING',15001);
insert into shipping_order_detail(detail_id,shipped_quantity,received_quantity,rejected_quantity,product_id,shipping_order_id,creation_date,last_update_date,version) values (1,1225,0,0,15001,15003,current_timestamp(),current_timestamp(),1);
insert into document(id,dtype,creation_date,last_update_date,reference_number,version) values (15004,'ShippingOrder',current_timestamp(),current_timestamp(),'SPO-15004',1);
insert into shipping_order(id,source_location_id,target_location_id,status,ship_method_id) values (15004,15001,15002,'PENDING',15001);
insert into shipping_order_detail(detail_id,shipped_quantity,received_quantity,rejected_quantity,product_id,shipping_order_id,creation_date,last_update_date,version) values (1,1225,0,0,15001,15004,current_timestamp(),current_timestamp(),1);
insert into document(id,dtype,creation_date,last_update_date,reference_number,version) values (15005,'ShippingOrder',current_timestamp(),current_timestamp(),'SPO-15005',1);
insert into shipping_order(id,source_location_id,target_location_id,status,ship_method_id) values (15005,15001,15002,'PENDING',15001);
insert into shipping_order_detail(detail_id,shipped_quantity,received_quantity,rejected_quantity,product_id,shipping_order_id,creation_date,last_update_date,version) values (1,1225,0,0,15001,15005,current_timestamp(),current_timestamp(),1);
insert into document(id,dtype,creation_date,last_update_date,reference_number,version) values (15006,'ShippingOrder',current_timestamp(),current_timestamp(),'SPO-15006',1);
insert into shipping_order(id,source_location_id,target_location_id,status,ship_method_id) values (15006,15001,15002,'PENDING',15001);
insert into shipping_order_detail(detail_id,shipped_quantity,received_quantity,rejected_quantity,product_id,shipping_order_id,creation_date,last_update_date,version) values (1,1225,0,0,15001,15006,current_timestamp(),current_timestamp(),1);
insert into document(id,dtype,creation_date,last_update_date,reference_number,version) values (15007,'ShippingOrder',current_timestamp(),current_timestamp(),'SPO-15007',1);
insert into shipping_order(id,source_location_id,target_location_id,status,ship_method_id) values (15007,15003,15004,'APPROVED',15001);
insert into shipping_order_detail(detail_id,shipped_quantity,received_quantity,rejected_quantity,product_id,shipping_order_id,creation_date,last_update_date,version) values (1,1225,0,0,15001,15007,current_timestamp(),current_timestamp(),1);
insert into document(id,dtype,creation_date,last_update_date,reference_number,version) values (15008,'ShippingOrder',current_timestamp(),current_timestamp(),'SPO-15008',1);
insert into shipping_order(id,source_location_id,target_location_id,status,ship_method_id) values (15008,15005,15006,'IN_TRANSIT',15001);
insert into shipping_order_detail(detail_id,shipped_quantity,received_quantity,rejected_quantity,product_id,shipping_order_id,creation_date,last_update_date,version) values (1,1225,0,0,15001,15008,current_timestamp(),current_timestamp(),1);
insert into document(id,dtype,creation_date,last_update_date,reference_number,version) values (15009,'ShippingOrder',current_timestamp(),current_timestamp(),'SPO-15009',1);
insert into shipping_order(id,source_location_id,target_location_id,status,ship_method_id) values (15009,15007,15008,'IN_TRANSIT',15001);
insert into shipping_order_detail(detail_id,shipped_quantity,received_quantity,rejected_quantity,product_id,shipping_order_id,creation_date,last_update_date,version) values (1,1500,0,0,15001,15009,current_timestamp(),current_timestamp(),1);
insert into document(id,dtype,creation_date,last_update_date,reference_number,version) values (15010,'ShippingOrder',current_timestamp(),current_timestamp(),'SPO-15010',1);
insert into shipping_order(id,source_location_id,target_location_id,status,ship_method_id) values (15010,15001,15002,'PENDING',15001);
insert into shipping_order_detail(detail_id,shipped_quantity,received_quantity,rejected_quantity,product_id,shipping_order_id,creation_date,last_update_date,version) values (1,1225,0,0,15001,15010,current_timestamp(),current_timestamp(),1);
insert into document(id,dtype,creation_date,last_update_date,reference_number,version) values (15011,'ShippingOrder',current_timestamp(),current_timestamp(),'SPO-15011',1);
insert into shipping_order(id,source_location_id,target_location_id,status,ship_method_id) values (15011,15001,15002,'PENDING',15001);
insert into shipping_order_detail(detail_id,shipped_quantity,received_quantity,rejected_quantity,product_id,shipping_order_id,creation_date,last_update_date,version) values (1,1225,0,0,15001,15011,current_timestamp(),current_timestamp(),1);
insert into document(id,dtype,creation_date,last_update_date,reference_number,version) values (15012,'ShippingOrder',current_timestamp(),current_timestamp(),'SPO-15012',1);
insert into shipping_order(id,source_location_id,target_location_id,status,ship_method_id) values (15012,15003,15004,'APPROVED',15001);
insert into shipping_order_detail(detail_id,shipped_quantity,received_quantity,rejected_quantity,product_id,shipping_order_id,creation_date,last_update_date,version) values (1,1225,0,0,15001,15012,current_timestamp(),current_timestamp(),1);
insert into document(id,dtype,creation_date,last_update_date,reference_number,version) values (15013,'ShippingOrder',current_timestamp(),current_timestamp(),'SPO-15013',1);
insert into shipping_order(id,source_location_id,target_location_id,status,ship_method_id) values (15013,15003,15004,'REJECTED',15001);
insert into shipping_order_detail(detail_id,shipped_quantity,received_quantity,rejected_quantity,product_id,shipping_order_id,creation_date,last_update_date,version) values (1,1225,0,0,15001,15013,current_timestamp(),current_timestamp(),1);
insert into document(id,dtype,creation_date,last_update_date,reference_number,version) values (15014,'ShippingOrder',current_timestamp(),current_timestamp(),'SPO-15014',1);
insert into shipping_order(id,source_location_id,target_location_id,status,ship_method_id) values (15014,15009,15010,'IN_TRANSIT',15001);
insert into shipping_order_detail(detail_id,shipped_quantity,received_quantity,rejected_quantity,product_id,shipping_order_id,creation_date,last_update_date,version) values (1,1500,0,0,15001,15014,current_timestamp(),current_timestamp(),1);
insert into document(id,dtype,creation_date,last_update_date,reference_number,version) values (15015,'ShippingOrder',current_timestamp(),current_timestamp(),'SPO-15015',1);
insert into shipping_order(id,source_location_id,target_location_id,status,ship_method_id) values (15015,15011,15012,'DELIVERED',15001);
insert into shipping_order_detail(detail_id,shipped_quantity,received_quantity,rejected_quantity,product_id,shipping_order_id,creation_date,last_update_date,version) values (1,3000,0,0,15001,15015,current_timestamp(),current_timestamp(),1);
insert into document(id,dtype,creation_date,last_update_date,reference_number,version) values (15016,'ShippingOrder',current_timestamp(),current_timestamp(),'SPO-15016',1);
insert into shipping_order(id,source_location_id,target_location_id,status,ship_method_id) values (15016,15001,15002,'PENDING',15001);
insert into shipping_order_detail(detail_id,shipped_quantity,received_quantity,rejected_quantity,product_id,shipping_order_id,creation_date,last_update_date,version) values (1,1225,0,0,15001,15016,current_timestamp(),current_timestamp(),1);
insert into document(id,dtype,creation_date,last_update_date,reference_number,version) values (15017,'ShippingOrder',current_timestamp(),current_timestamp(),'SPO-15017',1);
insert into shipping_order(id,source_location_id,target_location_id,status,ship_method_id) values (15017,15001,15002,'PENDING',15001);
insert into shipping_order_detail(detail_id,shipped_quantity,received_quantity,rejected_quantity,product_id,shipping_order_id,creation_date,last_update_date,version) values (1,1225,0,0,15001,15017,current_timestamp(),current_timestamp(),1);
insert into document(id,dtype,creation_date,last_update_date,reference_number,version) values (15018,'ShippingOrder',current_timestamp(),current_timestamp(),'SPO-15018',1);
insert into shipping_order(id,source_location_id,target_location_id,status,ship_method_id) values (15018,15009,15010,'IN_TRANSIT',15001);
insert into shipping_order_detail(detail_id,shipped_quantity,received_quantity,rejected_quantity,product_id,shipping_order_id,creation_date,last_update_date,version) values (1,950,0,0,15001,15018,current_timestamp(),current_timestamp(),1);
commit;