insert into applications(id,name,creation_date,last_update_date,version) values (1001,'Application 100',current_timestamp(),current_timestamp(),1);
insert into password_policies(id,max_age, max_length, min_special_chars_count, min_age, min_length, history_threshold, application_id,min_lowercase_chars_count,min_uppercase_chars_count,min_numeric_count,creation_date,last_update_date,version) values (1001,30, 25, 1, 0, 7, 10, 1001,1,1,1,current_timestamp(),current_timestamp(),1);
insert into lockout_policies(id,application_id,duration,threshold,reset_time,attempt_window,creation_date,last_update_date,version) values (1001,1001,NULL,3,NULL,10,current_timestamp(),current_timestamp(),1);
insert into applications(id,name,creation_date,last_update_date,version) values (1002,'Application 101',current_timestamp(),current_timestamp(),1);
insert into password_policies(id,max_age, max_length, min_special_chars_count, min_age, min_length, history_threshold, application_id,min_lowercase_chars_count,min_uppercase_chars_count,min_numeric_count,creation_date,last_update_date,version) values (1002,30, 25, 1, 0, 7, 10, 1002,1,1,1,current_timestamp(),current_timestamp(),1);
insert into lockout_policies(id,application_id,duration,threshold,reset_time,attempt_window,creation_date,last_update_date,version) values (1002,1002,NULL,3,NULL,10,current_timestamp(),current_timestamp(),1);
insert into applications(id,name,creation_date,last_update_date,version) values (1003,'Application 102',current_timestamp(),current_timestamp(),1);
insert into password_policies(id,max_age, max_length, min_special_chars_count, min_age, min_length, history_threshold, application_id,min_lowercase_chars_count,min_uppercase_chars_count,min_numeric_count,creation_date,last_update_date,version) values (1003,30, 25, 1, 0, 7, 10, 1003,1,1,1,current_timestamp(),current_timestamp(),1);
insert into lockout_policies(id,application_id,duration,threshold,reset_time,attempt_window,creation_date,last_update_date,version) values (1003,1003,NULL,3,NULL,10,current_timestamp(),current_timestamp(),1);
insert into applications(id,name,creation_date,last_update_date,version) values (1004,'Application 103',current_timestamp(),current_timestamp(),1);
insert into password_policies(id,max_age, max_length, min_special_chars_count, min_age, min_length, history_threshold, application_id,min_lowercase_chars_count,min_uppercase_chars_count,min_numeric_count,creation_date,last_update_date,version) values (1004,30, 25, 1, 0, 7, 10, 1004,1,1,1,current_timestamp(),current_timestamp(),1);
insert into lockout_policies(id,application_id,duration,threshold,reset_time,attempt_window,creation_date,last_update_date,version) values (1004,1004,NULL,3,NULL,10,current_timestamp(),current_timestamp(),1);
insert into applications(id,name,creation_date,last_update_date,version) values (1005,'Application 104',current_timestamp(),current_timestamp(),1);
insert into password_policies(id,max_age, max_length, min_special_chars_count, min_age, min_length, history_threshold, application_id,min_lowercase_chars_count,min_uppercase_chars_count,min_numeric_count,creation_date,last_update_date,version) values (1005,30, 25, 1, 0, 7, 10, 1005,1,1,1,current_timestamp(),current_timestamp(),1);
insert into lockout_policies(id,application_id,duration,threshold,reset_time,attempt_window,creation_date,last_update_date,version) values (1005,1005,NULL,3,NULL,10,current_timestamp(),current_timestamp(),1);
insert into applications(id,name,creation_date,last_update_date,version) values (1006,'Rainbow Optimum',current_timestamp(),current_timestamp(),1);
insert into password_policies(id,max_age, max_length, min_special_chars_count, min_age, min_length, history_threshold, application_id,min_lowercase_chars_count,min_uppercase_chars_count,min_numeric_count,creation_date,last_update_date,version) values (1006,30, 25, 1, 0, 7, 10, 1006,1,1,1,current_timestamp(),current_timestamp(),1);
insert into lockout_policies(id,application_id,duration,threshold,reset_time,attempt_window,creation_date,last_update_date,version) values (1006,1006,NULL,3,NULL,10,current_timestamp(),current_timestamp(),1);
insert into applications(id,name,creation_date,last_update_date,version) values (1007,'Spark Optimum',current_timestamp(),current_timestamp(),1);
insert into password_policies(id,max_age, max_length, min_special_chars_count, min_age, min_length, history_threshold, application_id,min_lowercase_chars_count,min_uppercase_chars_count,min_numeric_count,creation_date,last_update_date,version) values (1007,30, 25, 1, 0, 7, 10, 1007,1,1,1,current_timestamp(),current_timestamp(),1);
insert into lockout_policies(id,application_id,duration,threshold,reset_time,attempt_window,creation_date,last_update_date,version) values (1007,1007,NULL,3,NULL,10,current_timestamp(),current_timestamp(),1);
commit;
