insert into applications(id,name,description,creation_date,last_update_date,version) values (10001,'Test Application 1','This application is used for testing.',current_timestamp(),current_timestamp(),1);
insert into password_policies(id,max_age, max_length, min_special_chars_count, min_age, min_length, history_threshold, application_id,min_lowercase_chars_count,min_uppercase_chars_count,min_numeric_count,creation_date,last_update_date,version) values (10001,30, 25, 1, 0, 7, 10, 10001,1,1,1,current_timestamp(),current_timestamp(),1);
insert into lockout_policies(id,application_id,duration,threshold,reset_time,attempt_window,creation_date,last_update_date,version) values (10001,10001,NULL,3,NULL,10,current_timestamp(),current_timestamp(),1);
insert into users(id,last_activity_date,user_name,application_id,creation_date,last_update_date,version) values (10001, '1754-01-01', 'sampleUser1', 10001,current_timestamp(),current_timestamp(),1);
insert into memberships(id,enabled,creation_date,description,failed_revry_atmpt_cnt,failed_revry_atmpt_win_start,failed_pwd_atmpt_cnt,failed_pwd_atmpt_win_start,last_lock_out_date,last_pwd_change_date,locked,password,user_id,encrypted,last_update_date,version) values (10001, 1, current_timestamp(), 'Description of membership', 0, '1754-01-01', 0, '1754-01-01', '1754-01-01', '1754-01-01', 0, '$2a$04$TTSabYo9subetYbdCh7zaujjq/mkCjnMex132CHOl3XoL83MK.FJe', 10001, 1, current_timestamp(), 1);
insert into users(id,last_activity_date,user_name,application_id,creation_date,last_update_date,version) values (10002, '1754-01-01', 'sampleUser2', 10001,current_timestamp(),current_timestamp(),1);
insert into memberships(id,enabled,creation_date,description,failed_revry_atmpt_cnt,failed_revry_atmpt_win_start,failed_pwd_atmpt_cnt,failed_pwd_atmpt_win_start,last_lock_out_date,last_pwd_change_date,locked,password,user_id,encrypted,last_update_date,version) values (10002, 1, current_timestamp(), 'Description of membership', 0, '1754-01-01', 0, '1754-01-01', '1754-01-01', '1754-01-01', 0, '$2a$04$TTSabYo9subetYbdCh7zaujjq/mkCjnMex132CHOl3XoL83MK.FJe', 10002, 1, current_timestamp(), 1);
insert into users(id,last_activity_date,user_name,application_id,creation_date,last_update_date,version) values (10003, '1754-01-01', 'sampleUser3', 10001,current_timestamp(),current_timestamp(),1);
insert into memberships(id,enabled,creation_date,description,failed_revry_atmpt_cnt,failed_revry_atmpt_win_start,failed_pwd_atmpt_cnt,failed_pwd_atmpt_win_start,last_lock_out_date,last_pwd_change_date,locked,password,user_id,encrypted,last_update_date,version) values (10003, 1, current_timestamp(), 'Description of membership', 0, '1754-01-01', 0, '1754-01-01', '1754-01-01', '1754-01-01', 0, '$2a$04$TTSabYo9subetYbdCh7zaujjq/mkCjnMex132CHOl3XoL83MK.FJe', 10003, 1, current_timestamp(), 1);
insert into users(id,last_activity_date,user_name,application_id,creation_date,last_update_date,version) values (10004, '1754-01-01', 'sampleUser4', 10001,current_timestamp(),current_timestamp(),1);
insert into memberships(id,enabled,creation_date,description,failed_revry_atmpt_cnt,failed_revry_atmpt_win_start,failed_pwd_atmpt_cnt,failed_pwd_atmpt_win_start,last_lock_out_date,last_pwd_change_date,locked,password,user_id,encrypted,last_update_date,version) values (10004, 1, current_timestamp(), 'Description of membership', 0, '1754-01-01', 0, '1754-01-01', '1754-01-01', '1754-01-01', 0, '$2a$04$TTSabYo9subetYbdCh7zaujjq/mkCjnMex132CHOl3XoL83MK.FJe', 10004, 1, current_timestamp(), 1);
insert into users(id,last_activity_date,user_name,application_id,creation_date,last_update_date,version) values (10005, '1754-01-01', 'sampleUser5', 10001,current_timestamp(),current_timestamp(),1);
insert into memberships(id,enabled,creation_date,description,failed_revry_atmpt_cnt,failed_revry_atmpt_win_start,failed_pwd_atmpt_cnt,failed_pwd_atmpt_win_start,last_lock_out_date,last_pwd_change_date,locked,password,user_id,encrypted,last_update_date,version) values (10005, 1, current_timestamp(), 'Description of membership', 0, '1754-01-01', 0, '1754-01-01', '1754-01-01', '1754-01-01', 0, '$2a$04$TTSabYo9subetYbdCh7zaujjq/mkCjnMex132CHOl3XoL83MK.FJe', 10005, 1, current_timestamp(), 1);
insert into users(id,last_activity_date,user_name,application_id,creation_date,last_update_date,version) values (10006, '1754-01-01', 'sampleUser6', 10001,current_timestamp(),current_timestamp(),1);
insert into users(id,last_activity_date,user_name,application_id,creation_date,last_update_date,version) values (10007, '1754-01-01', 'sampleUser7', 10001,current_timestamp(),current_timestamp(),1);
insert into memberships(id,enabled,creation_date,description,failed_revry_atmpt_cnt,failed_revry_atmpt_win_start,failed_pwd_atmpt_cnt,failed_pwd_atmpt_win_start,last_lock_out_date,last_pwd_change_date,locked,password,user_id,encrypted,last_update_date,version) values (10007, 1, current_timestamp(), 'Description of membership', 0, '1754-01-01', 0, '1754-01-01', '1754-01-01', current_timestamp(), 0, '$2a$04$TTSabYo9subetYbdCh7zaujjq/mkCjnMex132CHOl3XoL83MK.FJe', 10007, 1, current_timestamp(), 1);
insert into authorities(id,name,description,application_id,creation_date,last_update_date,version) values (10001,'Authority 10001','Authority description',10001,current_timestamp(),current_timestamp(),1);
insert into authorities(id,name,description,application_id,creation_date,last_update_date,version) values (10002,'Authority 10002','Authority description',10001,current_timestamp(),current_timestamp(),1);
insert into authorities(id,name,description,application_id,creation_date,last_update_date,version) values (10003,'Authority 10003','Authority description',10001,current_timestamp(),current_timestamp(),1);
insert into authorities(id,name,description,application_id,creation_date,last_update_date,version) values (10004,'Authority 10004','Authority description',10001,current_timestamp(),current_timestamp(),1);
insert into authorities(id,name,description,application_id,creation_date,last_update_date,version) values (10005,'Authority 10005','Authority description',10001,current_timestamp(),current_timestamp(),1);
insert into authorities(id,name,description,application_id,creation_date,last_update_date,version) values (10006,'Authority 10006','Authority description',10001,current_timestamp(),current_timestamp(),1);
insert into authorities(id,name,description,application_id,creation_date,last_update_date,version) values (10007,'Authority 10007','Authority description',10001,current_timestamp(),current_timestamp(),1);
insert into authorities(id,name,description,application_id,creation_date,last_update_date,version) values (10008,'Authority 10008','Authority description',10001,current_timestamp(),current_timestamp(),1);
insert into authorities(id,name,description,application_id,creation_date,last_update_date,version) values (10009,'Authority 10009','Authority description',10001,current_timestamp(),current_timestamp(),1);
insert into authorities(id,name,description,application_id,creation_date,last_update_date,version) values (10010,'Authority 10010','Authority description',10001,current_timestamp(),current_timestamp(),1);
insert into groups(id,name,description,application_id,creation_date,last_update_date,version) values (10001,'Sample Group 1','Group description',10001,current_timestamp(),current_timestamp(),1);
insert into user_authorities(user_id,authority_id) values (10002,10003);
insert into user_authorities(user_id,authority_id) values (10003,10006);
insert into user_authorities(user_id,authority_id) values (10003,10007);
insert into user_authorities(user_id,authority_id) values (10003,10008);
insert into user_authorities(user_id,authority_id) values (10004,10006);
insert into user_authorities(user_id,authority_id) values (10004,10007);
insert into user_authorities(user_id,authority_id) values (10005,10009);
insert into user_authorities(user_id,authority_id) values (10007,10003);
insert into group_authorities(group_id,authority_id) values (10001,10001);
insert into group_authorities(group_id,authority_id) values (10001,10002);
insert into group_users(group_id,user_id) values (10001,10007);
insert into login_histories(membership_id,history_id,login_date) values (10007,1,current_timestamp());
commit;