insert into applications(ID,NAME,DESCRIPTION,creation_date,last_update_date,version) VALUES (9001,'Test Application 1','This application is used for testing.',current_timestamp(),current_timestamp(),1);
insert into applications(ID,NAME,DESCRIPTION,creation_date,last_update_date,version) VALUES (9002,'Test Application 2','This application is also used for testing.',current_timestamp(),current_timestamp(),1);
insert into applications(ID,NAME,DESCRIPTION,creation_date,last_update_date,version) VALUES (9003,'Test Application 3','This application is also used for testing.',current_timestamp(),current_timestamp(),1);
insert into applications(ID,NAME,DESCRIPTION,creation_date,last_update_date,version) VALUES (9004,'Test Application 4','This application is also used for testing.',current_timestamp(),current_timestamp(),1);
insert into password_policies(MAX_AGE, MAX_LENGTH, MIN_SPECIAL_CHARS_COUNT, MIN_AGE, MIN_LENGTH, HISTORY_THRESHOLD, APPLICATION_ID,MIN_LOWERCASE_CHARS_COUNT,MIN_UPPERCASE_CHARS_COUNT,MIN_NUMERIC_COUNT) VALUES (30, 25, 1, 0, 7, 10, 9001,1,1,1);
insert into password_policies(MAX_AGE, MAX_LENGTH, MIN_SPECIAL_CHARS_COUNT, MIN_AGE, MIN_LENGTH, HISTORY_THRESHOLD, APPLICATION_ID,MIN_LOWERCASE_CHARS_COUNT,MIN_UPPERCASE_CHARS_COUNT,MIN_NUMERIC_COUNT) VALUES (30, 25, 1, 2, 7, 10, 9002,1,1,1);
insert into password_policies(MAX_AGE, MAX_LENGTH, MIN_SPECIAL_CHARS_COUNT, MIN_AGE, MIN_LENGTH, HISTORY_THRESHOLD, APPLICATION_ID,MIN_LOWERCASE_CHARS_COUNT,MIN_UPPERCASE_CHARS_COUNT,MIN_NUMERIC_COUNT) VALUES (0, 25, 1, 2, 7, 10, 9003,1,1,1);
insert into password_policies(MAX_AGE, MAX_LENGTH, MIN_SPECIAL_CHARS_COUNT, MIN_AGE, MIN_LENGTH, HISTORY_THRESHOLD, APPLICATION_ID,MIN_LOWERCASE_CHARS_COUNT,MIN_UPPERCASE_CHARS_COUNT,MIN_NUMERIC_COUNT) VALUES (0, 25, 1, 2, 7, 10, 9004,1,1,1);
insert into lockout_policies(APPLICATION_ID,DURATION,THRESHOLD,RESET_TIME,ATTEMPT_WINDOW) VALUES (9001,NULL,3,NULL,10);
insert into lockout_policies(APPLICATION_ID,DURATION,THRESHOLD,RESET_TIME,ATTEMPT_WINDOW) VALUES (9002,NULL,3,NULL,10);
insert into lockout_policies(APPLICATION_ID,DURATION,THRESHOLD,RESET_TIME,ATTEMPT_WINDOW) VALUES (9003,NULL,3,NULL,10);
insert into lockout_policies(APPLICATION_ID,DURATION,THRESHOLD,RESET_TIME,ATTEMPT_WINDOW) VALUES (9004,NULL,3,NULL,10);
insert into login_policies(APPLICATION_ID,THRESHOLD) VALUES (9001,5);
insert into login_policies(APPLICATION_ID,THRESHOLD) VALUES (9002,5);
insert into login_policies(APPLICATION_ID,THRESHOLD) VALUES (9003,5);
insert into login_policies(APPLICATION_ID,THRESHOLD) VALUES (9004,5);
insert into users(ID,LAST_ACTIVITY_DATE,USER_NAME,APPLICATION_ID,CREATION_DATE,LAST_UPDATE_DATE,VERSION) VALUES (9001, '1754-01-01', 'sampleUser1', 9001,current_timestamp(),current_timestamp(),1);
insert into memberships(ENABLED,CREATION_DATE,DESCRIPTION,FAILED_REVRY_ATMPT_CNT,FAILED_REVRY_ATMPT_WIN_START,FAILED_PWD_ATMPT_CNT,FAILED_PWD_ATMPT_WIN_START,LAST_LOCK_OUT_DATE,LAST_PWD_CHANGE_DATE,LOCKED_OUT,PASSWORD,USER_ID,ENCRYPTED) VALUES (1, current_timestamp(), 'Description of membership', 0, '1754-01-01', 0, '1754-01-01', '1754-01-01', '1754-01-01', 0, '$2a$04$TTSabYo9subetYbdCh7zaujjq/mkCjnMex132CHOl3XoL83MK.FJe', 9001, 1);
insert into users(ID,LAST_ACTIVITY_DATE,USER_NAME,APPLICATION_ID,CREATION_DATE,LAST_UPDATE_DATE,VERSION) VALUES (9003, '1754-01-01', 'sampleUser2', 9001,current_timestamp(),current_timestamp(),1);
insert into memberships(ENABLED,CREATION_DATE,DESCRIPTION,FAILED_REVRY_ATMPT_CNT,FAILED_REVRY_ATMPT_WIN_START,FAILED_PWD_ATMPT_CNT,FAILED_PWD_ATMPT_WIN_START,LAST_LOCK_OUT_DATE,LAST_PWD_CHANGE_DATE,LOCKED_OUT,PASSWORD,USER_ID,ENCRYPTED) VALUES (1, current_timestamp(), 'Description of membership', 0, '1754-01-01', 0, '1754-01-01', '1754-01-01', '1754-01-01', 0, '$2a$04$TTSabYo9subetYbdCh7zaujjq/mkCjnMex132CHOl3XoL83MK.FJe', 9003, 1);
insert into users(ID,LAST_ACTIVITY_DATE,USER_NAME,APPLICATION_ID,CREATION_DATE,LAST_UPDATE_DATE,VERSION) VALUES (9004, '1754-01-01', 'sampleUser3', 9001,current_timestamp(),current_timestamp(),1);
insert into memberships(ENABLED,CREATION_DATE,DESCRIPTION,FAILED_REVRY_ATMPT_CNT,FAILED_REVRY_ATMPT_WIN_START,FAILED_PWD_ATMPT_CNT,FAILED_PWD_ATMPT_WIN_START,LAST_LOCK_OUT_DATE,LAST_PWD_CHANGE_DATE,LOCKED_OUT,PASSWORD,USER_ID,ENCRYPTED) VALUES (1, current_timestamp(), 'Description of membership', 0, '1754-01-01', 0, '1754-01-01', '1754-01-01', '1754-01-01', 0, '$2a$04$TTSabYo9subetYbdCh7zaujjq/mkCjnMex132CHOl3XoL83MK.FJe', 9004, 1);
insert into users(ID,LAST_ACTIVITY_DATE,USER_NAME,APPLICATION_ID,CREATION_DATE,LAST_UPDATE_DATE,VERSION) VALUES (9005, '1754-01-01', 'sampleUser4', 9001,current_timestamp(),current_timestamp(),1);
insert into memberships(ENABLED,CREATION_DATE,DESCRIPTION,FAILED_REVRY_ATMPT_CNT,FAILED_REVRY_ATMPT_WIN_START,FAILED_PWD_ATMPT_CNT,FAILED_PWD_ATMPT_WIN_START,LAST_LOCK_OUT_DATE,LAST_PWD_CHANGE_DATE,LOCKED_OUT,PASSWORD,USER_ID,ENCRYPTED) VALUES (1, current_timestamp(), 'Description of membership', 0, '1754-01-01', 0, '1754-01-01', '1754-01-01', '1754-01-01', 0, '$2a$04$TTSabYo9subetYbdCh7zaujjq/mkCjnMex132CHOl3XoL83MK.FJe', 9005, 1);
insert into users(ID,LAST_ACTIVITY_DATE,USER_NAME,APPLICATION_ID,CREATION_DATE,LAST_UPDATE_DATE,VERSION) VALUES (9006, '1754-01-01', 'sampleUser5', 9001,current_timestamp(),current_timestamp(),1);
insert into memberships(ENABLED,CREATION_DATE,DESCRIPTION,FAILED_REVRY_ATMPT_CNT,FAILED_REVRY_ATMPT_WIN_START,FAILED_PWD_ATMPT_CNT,FAILED_PWD_ATMPT_WIN_START,LAST_LOCK_OUT_DATE,LAST_PWD_CHANGE_DATE,LOCKED_OUT,PASSWORD,USER_ID,ENCRYPTED) VALUES (1, current_timestamp(), 'Description of membership', 0, '1754-01-01', 0, '1754-01-01', '1754-01-01', '1754-01-01', 0, '$2a$04$TTSabYo9subetYbdCh7zaujjq/mkCjnMex132CHOl3XoL83MK.FJe', 9006, 1);
insert into users(ID,LAST_ACTIVITY_DATE,USER_NAME,APPLICATION_ID,CREATION_DATE,LAST_UPDATE_DATE,VERSION) VALUES (9007, '1754-01-01', 'sampleUser6', 9001,current_timestamp(),current_timestamp(),1);
insert into memberships(ENABLED,CREATION_DATE,DESCRIPTION,FAILED_REVRY_ATMPT_CNT,FAILED_REVRY_ATMPT_WIN_START,FAILED_PWD_ATMPT_CNT,FAILED_PWD_ATMPT_WIN_START,LAST_LOCK_OUT_DATE,LAST_PWD_CHANGE_DATE,LOCKED_OUT,PASSWORD,USER_ID,ENCRYPTED) VALUES (1, current_timestamp(), 'Description of membership', 0, '1754-01-01', 0, '1754-01-01', '1754-01-01', '1754-01-01', 0, '$2a$04$TTSabYo9subetYbdCh7zaujjq/mkCjnMex132CHOl3XoL83MK.FJe', 9007, 1);
insert into users(ID,LAST_ACTIVITY_DATE,USER_NAME,APPLICATION_ID,CREATION_DATE,LAST_UPDATE_DATE,VERSION) VALUES (9008, '1754-01-01', 'sampleUser7', 9001,current_timestamp(),current_timestamp(),1);
insert into memberships(ENABLED,CREATION_DATE,DESCRIPTION,FAILED_REVRY_ATMPT_CNT,FAILED_REVRY_ATMPT_WIN_START,FAILED_PWD_ATMPT_CNT,FAILED_PWD_ATMPT_WIN_START,LAST_LOCK_OUT_DATE,LAST_PWD_CHANGE_DATE,LOCKED_OUT,PASSWORD,USER_ID,ENCRYPTED) VALUES (1, current_timestamp(), 'Description of membership', 0, '1754-01-01', 0, '1754-01-01', '1754-01-01', '1754-01-01', 0, '$2a$04$TTSabYo9subetYbdCh7zaujjq/mkCjnMex132CHOl3XoL83MK.FJe', 9008, 1);
insert into users(ID,LAST_ACTIVITY_DATE,USER_NAME,APPLICATION_ID,CREATION_DATE,LAST_UPDATE_DATE,VERSION) VALUES (9009, '1754-01-01', 'sampleUser8', 9001,current_timestamp(),current_timestamp(),1);
insert into memberships(ENABLED,CREATION_DATE,DESCRIPTION,FAILED_REVRY_ATMPT_CNT,FAILED_REVRY_ATMPT_WIN_START,FAILED_PWD_ATMPT_CNT,FAILED_PWD_ATMPT_WIN_START,LAST_LOCK_OUT_DATE,LAST_PWD_CHANGE_DATE,LOCKED_OUT,PASSWORD,USER_ID,ENCRYPTED) VALUES (1, current_timestamp(), 'Description of membership', 0, '1754-01-01', 0, '1754-01-01', '1754-01-01', '1754-01-01', 0, '$2a$04$TTSabYo9subetYbdCh7zaujjq/mkCjnMex132CHOl3XoL83MK.FJe', 9009, 1);
insert into users(ID,LAST_ACTIVITY_DATE,USER_NAME,APPLICATION_ID,CREATION_DATE,LAST_UPDATE_DATE,VERSION) VALUES (9010, '1754-01-01', 'sampleUser9', 9001,current_timestamp(),current_timestamp(),1);
insert into memberships(ENABLED,CREATION_DATE,DESCRIPTION,FAILED_REVRY_ATMPT_CNT,FAILED_REVRY_ATMPT_WIN_START,FAILED_PWD_ATMPT_CNT,FAILED_PWD_ATMPT_WIN_START,LAST_LOCK_OUT_DATE,LAST_PWD_CHANGE_DATE,LOCKED_OUT,PASSWORD,USER_ID,ENCRYPTED) VALUES (1, current_timestamp(), 'Description of membership', 0, '1754-01-01', 0, '1754-01-01', '1754-01-01', '1754-01-01', 0, '$2a$04$TTSabYo9subetYbdCh7zaujjq/mkCjnMex132CHOl3XoL83MK.FJe', 9010, 1);
insert into users(ID,LAST_ACTIVITY_DATE,USER_NAME,APPLICATION_ID,CREATION_DATE,LAST_UPDATE_DATE,VERSION) VALUES (9011, '1754-01-01', 'sampleUser10', 9001,current_timestamp(),current_timestamp(),1);
insert into memberships(ENABLED,CREATION_DATE,DESCRIPTION,FAILED_REVRY_ATMPT_CNT,FAILED_REVRY_ATMPT_WIN_START,FAILED_PWD_ATMPT_CNT,FAILED_PWD_ATMPT_WIN_START,LAST_LOCK_OUT_DATE,LAST_PWD_CHANGE_DATE,LOCKED_OUT,PASSWORD,USER_ID,ENCRYPTED) VALUES (1, current_timestamp(), 'Description of membership', 0, '1754-01-01', 0, '1754-01-01', '1754-01-01', '1754-01-01', 0, '$2a$04$TTSabYo9subetYbdCh7zaujjq/mkCjnMex132CHOl3XoL83MK.FJe', 9011, 1);
insert into users(ID,LAST_ACTIVITY_DATE,USER_NAME,APPLICATION_ID,CREATION_DATE,LAST_UPDATE_DATE,VERSION) VALUES (9012, '1754-01-01', 'sampleUser11', 9001,current_timestamp(),current_timestamp(),1);
insert into memberships(ENABLED,CREATION_DATE,DESCRIPTION,FAILED_REVRY_ATMPT_CNT,FAILED_REVRY_ATMPT_WIN_START,FAILED_PWD_ATMPT_CNT,FAILED_PWD_ATMPT_WIN_START,LAST_LOCK_OUT_DATE,LAST_PWD_CHANGE_DATE,LOCKED_OUT,PASSWORD,USER_ID,ENCRYPTED) VALUES (1, current_timestamp(), 'Description of membership', 0, '1754-01-01', 0, '1754-01-01', '1754-01-01', '1754-01-01', 1, '$2a$04$TTSabYo9subetYbdCh7zaujjq/mkCjnMex132CHOl3XoL83MK.FJe', 9012, 1);
insert into users(ID,LAST_ACTIVITY_DATE,USER_NAME,APPLICATION_ID,CREATION_DATE,LAST_UPDATE_DATE,VERSION) VALUES (9013, '1754-01-01', 'sampleUser12', 9001,current_timestamp(),current_timestamp(),1);
insert into memberships(ENABLED,CREATION_DATE,DESCRIPTION,FAILED_REVRY_ATMPT_CNT,FAILED_REVRY_ATMPT_WIN_START,FAILED_PWD_ATMPT_CNT,FAILED_PWD_ATMPT_WIN_START,LAST_LOCK_OUT_DATE,LAST_PWD_CHANGE_DATE,LOCKED_OUT,PASSWORD,USER_ID,ENCRYPTED) VALUES (1, current_timestamp(), 'Description of membership', 0, '1754-01-01', 0, '1754-01-01', '1754-01-01', '1754-01-01', 0, '$2a$04$TTSabYo9subetYbdCh7zaujjq/mkCjnMex132CHOl3XoL83MK.FJe', 9013, 1);
insert into users(ID,LAST_ACTIVITY_DATE,USER_NAME,APPLICATION_ID,CREATION_DATE,LAST_UPDATE_DATE,VERSION) VALUES (9014, '1754-01-01', 'sampleUser13', 9001,current_timestamp(),current_timestamp(),1);
insert into memberships(ENABLED,CREATION_DATE,DESCRIPTION,FAILED_REVRY_ATMPT_CNT,FAILED_REVRY_ATMPT_WIN_START,FAILED_PWD_ATMPT_CNT,FAILED_PWD_ATMPT_WIN_START,LAST_LOCK_OUT_DATE,LAST_PWD_CHANGE_DATE,LOCKED_OUT,PASSWORD,USER_ID,ENCRYPTED) VALUES (0, current_timestamp(), 'Description of membership', 0, '1754-01-01', 0, '1754-01-01', '1754-01-01', '1754-01-01', 0, '$2a$04$TTSabYo9subetYbdCh7zaujjq/mkCjnMex132CHOl3XoL83MK.FJe', 9014, 1);
insert into users(ID,LAST_ACTIVITY_DATE,USER_NAME,APPLICATION_ID,CREATION_DATE,LAST_UPDATE_DATE,VERSION) VALUES (9015, '1754-01-01', 'sampleUser14', 9001,current_timestamp(),current_timestamp(),1);
insert into memberships(ENABLED,CREATION_DATE,DESCRIPTION,FAILED_REVRY_ATMPT_CNT,FAILED_REVRY_ATMPT_WIN_START,FAILED_PWD_ATMPT_CNT,FAILED_PWD_ATMPT_WIN_START,LAST_LOCK_OUT_DATE,LAST_PWD_CHANGE_DATE,LOCKED_OUT,PASSWORD,USER_ID,ENCRYPTED) VALUES (1, current_timestamp(), 'Description of membership', 0, '1754-01-01', 0, '1754-01-01', '1754-01-01', current_timestamp(), 0, '$2a$04$TTSabYo9subetYbdCh7zaujjq/mkCjnMex132CHOl3XoL83MK.FJe', 9015, 1);
insert into users(ID,LAST_ACTIVITY_DATE,USER_NAME,APPLICATION_ID,CREATION_DATE,LAST_UPDATE_DATE,VERSION) VALUES (9016, '1754-01-01', 'sampleUser15', 9001,current_timestamp(),current_timestamp(),1);
insert into memberships(ENABLED,CREATION_DATE,DESCRIPTION,FAILED_REVRY_ATMPT_CNT,FAILED_REVRY_ATMPT_WIN_START,FAILED_PWD_ATMPT_CNT,FAILED_PWD_ATMPT_WIN_START,LAST_LOCK_OUT_DATE,LAST_PWD_CHANGE_DATE,LOCKED_OUT,PASSWORD,USER_ID,ENCRYPTED) VALUES (1, current_timestamp(), 'Description of membership', 0, '1754-01-01', 0, '1754-01-01', '1754-01-01', '1754-01-01', 0, '$2a$04$TTSabYo9subetYbdCh7zaujjq/mkCjnMex132CHOl3XoL83MK.FJe', 9016, 1);
insert into users(ID,LAST_ACTIVITY_DATE,USER_NAME,APPLICATION_ID,CREATION_DATE,LAST_UPDATE_DATE,VERSION) VALUES (9017, '1754-01-01', 'sampleUser16', 9001,current_timestamp(),current_timestamp(),1);
insert into memberships(ENABLED,CREATION_DATE,DESCRIPTION,FAILED_REVRY_ATMPT_CNT,FAILED_REVRY_ATMPT_WIN_START,FAILED_PWD_ATMPT_CNT,FAILED_PWD_ATMPT_WIN_START,LAST_LOCK_OUT_DATE,LAST_PWD_CHANGE_DATE,LOCKED_OUT,PASSWORD,USER_ID,ENCRYPTED) VALUES (1, current_timestamp(), 'Description of membership', 0, '1754-01-01', 0, '1754-01-01', '1754-01-01', '1754-01-01', 0, '$2a$04$TTSabYo9subetYbdCh7zaujjq/mkCjnMex132CHOl3XoL83MK.FJe', 9017, 1);
insert into users(ID,LAST_ACTIVITY_DATE,USER_NAME,APPLICATION_ID,CREATION_DATE,LAST_UPDATE_DATE,VERSION) VALUES (9018, '1754-01-01', 'sampleUser17', 9001,current_timestamp(),current_timestamp(),1);
insert into memberships(ENABLED,CREATION_DATE,DESCRIPTION,FAILED_REVRY_ATMPT_CNT,FAILED_REVRY_ATMPT_WIN_START,FAILED_PWD_ATMPT_CNT,FAILED_PWD_ATMPT_WIN_START,LAST_LOCK_OUT_DATE,LAST_PWD_CHANGE_DATE,LOCKED_OUT,PASSWORD,USER_ID,ENCRYPTED) VALUES (1, current_timestamp(), 'Description of membership', 0, '1754-01-01', 0, '1754-01-01', '1754-01-01', '1754-01-01', 1, '$2a$04$TTSabYo9subetYbdCh7zaujjq/mkCjnMex132CHOl3XoL83MK.FJe', 9018, 1);
insert into users(ID,LAST_ACTIVITY_DATE,USER_NAME,APPLICATION_ID,CREATION_DATE,LAST_UPDATE_DATE,VERSION) VALUES (9019, '1754-01-01', 'sampleUser18', 9001,current_timestamp(),current_timestamp(),1);
insert into memberships(ENABLED,CREATION_DATE,DESCRIPTION,FAILED_REVRY_ATMPT_CNT,FAILED_REVRY_ATMPT_WIN_START,FAILED_PWD_ATMPT_CNT,FAILED_PWD_ATMPT_WIN_START,LAST_LOCK_OUT_DATE,LAST_PWD_CHANGE_DATE,LOCKED_OUT,PASSWORD,USER_ID,ENCRYPTED) VALUES (0, current_timestamp(), 'Description of membership', 0, '1754-01-01', 0, '1754-01-01', '1754-01-01', '1754-01-01', 0, '$2a$04$TTSabYo9subetYbdCh7zaujjq/mkCjnMex132CHOl3XoL83MK.FJe', 9019, 1);
insert into users(ID,LAST_ACTIVITY_DATE,USER_NAME,APPLICATION_ID,CREATION_DATE,LAST_UPDATE_DATE,VERSION) VALUES (9020, '1754-01-01', 'sampleUser19', 9001,current_timestamp(),current_timestamp(),1);
insert into memberships(ENABLED,CREATION_DATE,DESCRIPTION,FAILED_REVRY_ATMPT_CNT,FAILED_REVRY_ATMPT_WIN_START,FAILED_PWD_ATMPT_CNT,FAILED_PWD_ATMPT_WIN_START,LAST_LOCK_OUT_DATE,LAST_PWD_CHANGE_DATE,LOCKED_OUT,PASSWORD,USER_ID,ENCRYPTED) VALUES (1, current_timestamp(), 'Description of membership', 0, '1754-01-01', 0, '1754-01-01', '1754-01-01', current_timestamp(), 1, '$2a$04$TTSabYo9subetYbdCh7zaujjq/mkCjnMex132CHOl3XoL83MK.FJe', 9020, 1);
insert into users(ID,LAST_ACTIVITY_DATE,USER_NAME,APPLICATION_ID,CREATION_DATE,LAST_UPDATE_DATE,VERSION) VALUES (9021, '1754-01-01', 'sampleUser20', 9001,current_timestamp(),current_timestamp(),1);
insert into memberships(ENABLED,CREATION_DATE,DESCRIPTION,FAILED_REVRY_ATMPT_CNT,FAILED_REVRY_ATMPT_WIN_START,FAILED_PWD_ATMPT_CNT,FAILED_PWD_ATMPT_WIN_START,LAST_LOCK_OUT_DATE,LAST_PWD_CHANGE_DATE,LOCKED_OUT,PASSWORD,USER_ID,ENCRYPTED) VALUES (1, current_timestamp(), 'Description of membership', 0, '1754-01-01', 0, '1754-01-01', '1754-01-01', '1754-01-01', 0, '$2a$04$TTSabYo9subetYbdCh7zaujjq/mkCjnMex132CHOl3XoL83MK.FJe', 9021, 1);
insert into users(ID,LAST_ACTIVITY_DATE,USER_NAME,APPLICATION_ID,CREATION_DATE,LAST_UPDATE_DATE,VERSION) VALUES (9022, '1754-01-01', 'sampleUser21', 9001,current_timestamp(),current_timestamp(),1);
insert into memberships(ENABLED,CREATION_DATE,DESCRIPTION,FAILED_REVRY_ATMPT_CNT,FAILED_REVRY_ATMPT_WIN_START,FAILED_PWD_ATMPT_CNT,FAILED_PWD_ATMPT_WIN_START,LAST_LOCK_OUT_DATE,LAST_PWD_CHANGE_DATE,LOCKED_OUT,PASSWORD,USER_ID,ENCRYPTED) VALUES (1, current_timestamp(), 'Description of membership', 0, '1754-01-01', 0, '1754-01-01', '1754-01-01', '1754-01-01', 0, '$2a$04$TTSabYo9subetYbdCh7zaujjq/mkCjnMex132CHOl3XoL83MK.FJe', 9022, 1);
insert into users(ID,LAST_ACTIVITY_DATE,USER_NAME,APPLICATION_ID,CREATION_DATE,LAST_UPDATE_DATE,VERSION) VALUES (9023, '1754-01-01', 'sampleUser22', 9001,current_timestamp(),current_timestamp(),1);
insert into memberships(ENABLED,CREATION_DATE,DESCRIPTION,FAILED_REVRY_ATMPT_CNT,FAILED_REVRY_ATMPT_WIN_START,FAILED_PWD_ATMPT_CNT,FAILED_PWD_ATMPT_WIN_START,LAST_LOCK_OUT_DATE,LAST_PWD_CHANGE_DATE,LOCKED_OUT,PASSWORD,USER_ID,ENCRYPTED) VALUES (1, current_timestamp(), 'Description of membership', 0, '1754-01-01', 0, '1754-01-01', '1754-01-01', '1754-01-01', 0, '$2a$04$TTSabYo9subetYbdCh7zaujjq/mkCjnMex132CHOl3XoL83MK.FJe', 9023, 1);
insert into users(ID,LAST_ACTIVITY_DATE,USER_NAME,APPLICATION_ID,CREATION_DATE,LAST_UPDATE_DATE,VERSION) VALUES (9024, '1754-01-01', 'sampleUser23', 9001,current_timestamp(),current_timestamp(),1);
insert into memberships(ENABLED,CREATION_DATE,DESCRIPTION,FAILED_REVRY_ATMPT_CNT,FAILED_REVRY_ATMPT_WIN_START,FAILED_PWD_ATMPT_CNT,FAILED_PWD_ATMPT_WIN_START,LAST_LOCK_OUT_DATE,LAST_PWD_CHANGE_DATE,LOCKED_OUT,PASSWORD,USER_ID,ENCRYPTED) VALUES (1, current_timestamp(), 'Description of membership', 0, '1754-01-01', 0, '1754-01-01', '1754-01-01', '1754-01-01', 0, '$2a$04$TTSabYo9subetYbdCh7zaujjq/mkCjnMex132CHOl3XoL83MK.FJe', 9024, 1);
insert into users(ID,LAST_ACTIVITY_DATE,USER_NAME,APPLICATION_ID,CREATION_DATE,LAST_UPDATE_DATE,VERSION) VALUES (9025, '1754-01-01', 'sampleUser24', 9001,current_timestamp(),current_timestamp(),1);
insert into memberships(ENABLED,CREATION_DATE,DESCRIPTION,FAILED_REVRY_ATMPT_CNT,FAILED_REVRY_ATMPT_WIN_START,FAILED_PWD_ATMPT_CNT,FAILED_PWD_ATMPT_WIN_START,LAST_LOCK_OUT_DATE,LAST_PWD_CHANGE_DATE,LOCKED_OUT,PASSWORD,USER_ID,ENCRYPTED) VALUES (1, current_timestamp(), 'Description of membership', 0, '1754-01-01', 0, '1754-01-01', '1754-01-01', '1754-01-01', 0, '$2a$04$TTSabYo9subetYbdCh7zaujjq/mkCjnMex132CHOl3XoL83MK.FJe', 9025, 1);
insert into users(ID,LAST_ACTIVITY_DATE,USER_NAME,APPLICATION_ID,CREATION_DATE,LAST_UPDATE_DATE,VERSION) VALUES (9026, date_add(current_timestamp(),INTERVAL -1 DAY), 'sampleUser25', 9001,current_timestamp(),current_timestamp(),1);
insert into memberships(ENABLED,CREATION_DATE,DESCRIPTION,FAILED_REVRY_ATMPT_CNT,FAILED_REVRY_ATMPT_WIN_START,FAILED_PWD_ATMPT_CNT,FAILED_PWD_ATMPT_WIN_START,LAST_LOCK_OUT_DATE,LAST_PWD_CHANGE_DATE,LOCKED_OUT,PASSWORD,USER_ID,ENCRYPTED) VALUES (1, date_add(current_timestamp(),INTERVAL -2 DAY), 'Description of membership', 0, '1754-01-01', 0, '1754-01-01', '1754-01-01', date_add(current_timestamp(),INTERVAL -1 DAY), 0, '$2a$04$TTSabYo9subetYbdCh7zaujjq/mkCjnMex132CHOl3XoL83MK.FJe', 9026, 1);
insert into users(ID,LAST_ACTIVITY_DATE,USER_NAME,APPLICATION_ID,CREATION_DATE,LAST_UPDATE_DATE,VERSION) VALUES (9027, '1754-01-01', 'sampleUser26', 9002,current_timestamp(),current_timestamp(),1);
insert into memberships(ENABLED,CREATION_DATE,DESCRIPTION,FAILED_REVRY_ATMPT_CNT,FAILED_REVRY_ATMPT_WIN_START,FAILED_PWD_ATMPT_CNT,FAILED_PWD_ATMPT_WIN_START,LAST_LOCK_OUT_DATE,LAST_PWD_CHANGE_DATE,LOCKED_OUT,PASSWORD,USER_ID,ENCRYPTED) VALUES (1, current_timestamp(), 'Description of membership', 0, '1754-01-01', 0, '1754-01-01', '1754-01-01', '1754-01-01', 0, '$2a$04$TTSabYo9subetYbdCh7zaujjq/mkCjnMex132CHOl3XoL83MK.FJe', 9027, 1);
insert into users(ID,LAST_ACTIVITY_DATE,USER_NAME,APPLICATION_ID,CREATION_DATE,LAST_UPDATE_DATE,VERSION) VALUES (9028, date_add(current_timestamp(),INTERVAL -1 DAY), 'sampleUser27', 9002,current_timestamp(),current_timestamp(),1);
insert into memberships(ENABLED,CREATION_DATE,DESCRIPTION,FAILED_REVRY_ATMPT_CNT,FAILED_REVRY_ATMPT_WIN_START,FAILED_PWD_ATMPT_CNT,FAILED_PWD_ATMPT_WIN_START,LAST_LOCK_OUT_DATE,LAST_PWD_CHANGE_DATE,LOCKED_OUT,PASSWORD,USER_ID,ENCRYPTED) VALUES (1, date_add(current_timestamp(),INTERVAL -2 DAY), 'Description of membership', 0, '1754-01-01', 0, '1754-01-01', '1754-01-01', date_add(current_timestamp(),INTERVAL -1 DAY), 0, '$2a$04$TTSabYo9subetYbdCh7zaujjq/mkCjnMex132CHOl3XoL83MK.FJe', 9028, 1);
insert into users(ID,LAST_ACTIVITY_DATE,USER_NAME,APPLICATION_ID,CREATION_DATE,LAST_UPDATE_DATE,VERSION) VALUES (9029, '1754-01-01', 'sampleUser28', 9001,current_timestamp(),current_timestamp(),1);
insert into memberships(ENABLED,CREATION_DATE,DESCRIPTION,FAILED_REVRY_ATMPT_CNT,FAILED_REVRY_ATMPT_WIN_START,FAILED_PWD_ATMPT_CNT,FAILED_PWD_ATMPT_WIN_START,LAST_LOCK_OUT_DATE,LAST_PWD_CHANGE_DATE,LOCKED_OUT,PASSWORD,USER_ID,ENCRYPTED) VALUES (1, current_timestamp(), 'Description of membership', 0, '1754-01-01', 0, '1754-01-01', '1754-01-01', '1754-01-01', 0, '$2a$04$TTSabYo9subetYbdCh7zaujjq/mkCjnMex132CHOl3XoL83MK.FJe', 9029, 1);
insert into users(ID,LAST_ACTIVITY_DATE,USER_NAME,APPLICATION_ID,CREATION_DATE,LAST_UPDATE_DATE,VERSION) VALUES (9030, '1754-01-01', 'sampleUser29', 9001,current_timestamp(),current_timestamp(),1);
insert into memberships(ENABLED,CREATION_DATE,DESCRIPTION,FAILED_REVRY_ATMPT_CNT,FAILED_REVRY_ATMPT_WIN_START,FAILED_PWD_ATMPT_CNT,FAILED_PWD_ATMPT_WIN_START,LAST_LOCK_OUT_DATE,LAST_PWD_CHANGE_DATE,LOCKED_OUT,PASSWORD,USER_ID,ENCRYPTED) VALUES (1, current_timestamp(), 'Description of membership', 0, '1754-01-01', 0, '1754-01-01', '1754-01-01', '1754-01-01', 0, '$2a$04$TTSabYo9subetYbdCh7zaujjq/mkCjnMex132CHOl3XoL83MK.FJe', 9030, 1);
insert into users(ID,LAST_ACTIVITY_DATE,USER_NAME,APPLICATION_ID,CREATION_DATE,LAST_UPDATE_DATE,VERSION) VALUES (9031, '1754-01-01', 'sampleUser30', 9001,current_timestamp(),current_timestamp(),1);
insert into users(ID,LAST_ACTIVITY_DATE,USER_NAME,APPLICATION_ID,CREATION_DATE,LAST_UPDATE_DATE,VERSION) VALUES (9032, '1754-01-01', 'sampleUser31', 9001,current_timestamp(),current_timestamp(),1);
insert into memberships(ENABLED,CREATION_DATE,DESCRIPTION,FAILED_REVRY_ATMPT_CNT,FAILED_REVRY_ATMPT_WIN_START,FAILED_PWD_ATMPT_CNT,FAILED_PWD_ATMPT_WIN_START,LAST_LOCK_OUT_DATE,LAST_PWD_CHANGE_DATE,LOCKED_OUT,PASSWORD,USER_ID,ENCRYPTED) VALUES (1, current_timestamp(), 'Description of membership', 0, '1754-01-01', 0, '1754-01-01', '1754-01-01', '1754-01-01', 0, '$2a$04$TTSabYo9subetYbdCh7zaujjq/mkCjnMex132CHOl3XoL83MK.FJe', 9032, 1);
insert into users(ID,LAST_ACTIVITY_DATE,USER_NAME,APPLICATION_ID,CREATION_DATE,LAST_UPDATE_DATE,VERSION) VALUES (9033, '1754-01-01', 'sampleUser32', 9003,current_timestamp(),current_timestamp(),1);
insert into memberships(ENABLED,CREATION_DATE,DESCRIPTION,FAILED_REVRY_ATMPT_CNT,FAILED_REVRY_ATMPT_WIN_START,FAILED_PWD_ATMPT_CNT,FAILED_PWD_ATMPT_WIN_START,LAST_LOCK_OUT_DATE,LAST_PWD_CHANGE_DATE,LOCKED_OUT,PASSWORD,USER_ID,ENCRYPTED) VALUES (1, current_timestamp(), 'Description of membership', 0, '1754-01-01', 0, '1754-01-01', '1754-01-01', '1754-01-01', 0, '$2a$04$TTSabYo9subetYbdCh7zaujjq/mkCjnMex132CHOl3XoL83MK.FJe', 9033, 1);
insert into users(ID,LAST_ACTIVITY_DATE,USER_NAME,APPLICATION_ID,CREATION_DATE,LAST_UPDATE_DATE,VERSION) VALUES (9034, '1754-01-01', 'sampleUser33', 9003,current_timestamp(),current_timestamp(),1);
insert into memberships(ENABLED,CREATION_DATE,DESCRIPTION,FAILED_REVRY_ATMPT_CNT,FAILED_REVRY_ATMPT_WIN_START,FAILED_PWD_ATMPT_CNT,FAILED_PWD_ATMPT_WIN_START,LAST_LOCK_OUT_DATE,LAST_PWD_CHANGE_DATE,LOCKED_OUT,PASSWORD,USER_ID,ENCRYPTED) VALUES (1, current_timestamp(), 'Description of membership', 0, '1754-01-01', 0, '1754-01-01', '1754-01-01', '1754-01-01', 0, '$2a$04$TTSabYo9subetYbdCh7zaujjq/mkCjnMex132CHOl3XoL83MK.FJe', 9034, 1);
insert into users(ID,LAST_ACTIVITY_DATE,USER_NAME,APPLICATION_ID,CREATION_DATE,LAST_UPDATE_DATE,VERSION) VALUES (9035, '1754-01-01', 'sampleUser34', 9003,current_timestamp(),current_timestamp(),1);
insert into memberships(ENABLED,CREATION_DATE,DESCRIPTION,FAILED_REVRY_ATMPT_CNT,FAILED_REVRY_ATMPT_WIN_START,FAILED_PWD_ATMPT_CNT,FAILED_PWD_ATMPT_WIN_START,LAST_LOCK_OUT_DATE,LAST_PWD_CHANGE_DATE,LOCKED_OUT,PASSWORD,USER_ID,ENCRYPTED) VALUES (1, current_timestamp(), 'Description of membership', 0, '1754-01-01', 0, '1754-01-01', '1754-01-01', '1754-01-01', 0, '$2a$04$TTSabYo9subetYbdCh7zaujjq/mkCjnMex132CHOl3XoL83MK.FJe', 9035, 1);
insert into users(ID,LAST_ACTIVITY_DATE,USER_NAME,APPLICATION_ID,CREATION_DATE,LAST_UPDATE_DATE,VERSION) VALUES (9036, '1754-01-01', 'sampleUser35', 9003,current_timestamp(),current_timestamp(),1);
insert into users(ID,LAST_ACTIVITY_DATE,USER_NAME,APPLICATION_ID,CREATION_DATE,LAST_UPDATE_DATE,VERSION) VALUES (9037, '1754-01-01', 'sampleUser36', 9003,current_timestamp(),current_timestamp(),1);
insert into memberships(ENABLED,CREATION_DATE,DESCRIPTION,FAILED_REVRY_ATMPT_CNT,FAILED_REVRY_ATMPT_WIN_START,FAILED_PWD_ATMPT_CNT,FAILED_PWD_ATMPT_WIN_START,LAST_LOCK_OUT_DATE,LAST_PWD_CHANGE_DATE,LOCKED_OUT,PASSWORD,USER_ID,ENCRYPTED) VALUES (1, current_timestamp(), 'Description of membership', 0, '1754-01-01', 0, '1754-01-01', '1754-01-01', '1754-01-01', 0, '$2a$04$TTSabYo9subetYbdCh7zaujjq/mkCjnMex132CHOl3XoL83MK.FJe', 9037, 1);
insert into users(ID,LAST_ACTIVITY_DATE,USER_NAME,APPLICATION_ID,CREATION_DATE,LAST_UPDATE_DATE,VERSION) VALUES (9038, '1754-01-01', 'sampleUser37', 9003,current_timestamp(),current_timestamp(),1);
insert into memberships(ENABLED,CREATION_DATE,DESCRIPTION,FAILED_REVRY_ATMPT_CNT,FAILED_REVRY_ATMPT_WIN_START,FAILED_PWD_ATMPT_CNT,FAILED_PWD_ATMPT_WIN_START,LAST_LOCK_OUT_DATE,LAST_PWD_CHANGE_DATE,LOCKED_OUT,PASSWORD,USER_ID,ENCRYPTED) VALUES (1, current_timestamp(), 'Description of membership', 0, '1754-01-01', 0, '1754-01-01', '1754-01-01', '1754-01-01', 0, '$2a$04$TTSabYo9subetYbdCh7zaujjq/mkCjnMex132CHOl3XoL83MK.FJe', 9038, 1);
insert into users(ID,LAST_ACTIVITY_DATE,USER_NAME,APPLICATION_ID,CREATION_DATE,LAST_UPDATE_DATE,VERSION) VALUES (9039, '1754-01-01', 'sampleUser38', 9003,current_timestamp(),current_timestamp(),1);
insert into memberships(ENABLED,CREATION_DATE,DESCRIPTION,FAILED_REVRY_ATMPT_CNT,FAILED_REVRY_ATMPT_WIN_START,FAILED_PWD_ATMPT_CNT,FAILED_PWD_ATMPT_WIN_START,LAST_LOCK_OUT_DATE,LAST_PWD_CHANGE_DATE,LOCKED_OUT,PASSWORD,USER_ID,ENCRYPTED) VALUES (1, current_timestamp(), 'Description of membership', 0, '1754-01-01', 0, '1754-01-01', '1754-01-01', current_timestamp(), 1, '$2a$04$TTSabYo9subetYbdCh7zaujjq/mkCjnMex132CHOl3XoL83MK.FJe', 9039, 1);
insert into users(ID,LAST_ACTIVITY_DATE,USER_NAME,APPLICATION_ID,CREATION_DATE,LAST_UPDATE_DATE,VERSION) VALUES (9040, '1754-01-01', 'sampleUser39', 9003,current_timestamp(),current_timestamp(),1);
insert into memberships(ENABLED,CREATION_DATE,DESCRIPTION,FAILED_REVRY_ATMPT_CNT,FAILED_REVRY_ATMPT_WIN_START,FAILED_PWD_ATMPT_CNT,FAILED_PWD_ATMPT_WIN_START,LAST_LOCK_OUT_DATE,LAST_PWD_CHANGE_DATE,LOCKED_OUT,PASSWORD,USER_ID,ENCRYPTED) VALUES (0, current_timestamp(), 'Description of membership', 0, '1754-01-01', 0, '1754-01-01', '1754-01-01', '1754-01-01', 0, '$2a$04$TTSabYo9subetYbdCh7zaujjq/mkCjnMex132CHOl3XoL83MK.FJe', 9040, 1);
insert into users(ID,LAST_ACTIVITY_DATE,USER_NAME,APPLICATION_ID,CREATION_DATE,LAST_UPDATE_DATE,VERSION) VALUES (9041, '1754-01-01', 'sampleUser40', 9003,current_timestamp(),current_timestamp(),1);
insert into memberships(ENABLED,CREATION_DATE,DESCRIPTION,FAILED_REVRY_ATMPT_CNT,FAILED_REVRY_ATMPT_WIN_START,FAILED_PWD_ATMPT_CNT,FAILED_PWD_ATMPT_WIN_START,LAST_LOCK_OUT_DATE,LAST_PWD_CHANGE_DATE,LOCKED_OUT,PASSWORD,USER_ID,ENCRYPTED) VALUES (1, current_timestamp(), 'Description of membership', 0, '1754-01-01', 0, '1754-01-01', '1754-01-01', '1754-01-01', 0, '$2a$04$TTSabYo9subetYbdCh7zaujjq/mkCjnMex132CHOl3XoL83MK.FJe', 9041, 1);
insert into users(ID,LAST_ACTIVITY_DATE,USER_NAME,APPLICATION_ID,CREATION_DATE,LAST_UPDATE_DATE,VERSION) VALUES (9042, '1754-01-01', 'sampleUser41', 9003,current_timestamp(),current_timestamp(),1);
insert into memberships(ENABLED,CREATION_DATE,DESCRIPTION,FAILED_REVRY_ATMPT_CNT,FAILED_REVRY_ATMPT_WIN_START,FAILED_PWD_ATMPT_CNT,FAILED_PWD_ATMPT_WIN_START,LAST_LOCK_OUT_DATE,LAST_PWD_CHANGE_DATE,LOCKED_OUT,PASSWORD,USER_ID,ENCRYPTED) VALUES (1, current_timestamp(), 'Description of membership', 0, '1754-01-01', 0, '1754-01-01', '1754-01-01', '1754-01-01', 0, '$2a$04$TTSabYo9subetYbdCh7zaujjq/mkCjnMex132CHOl3XoL83MK.FJe', 9042, 1);
insert into users(ID,LAST_ACTIVITY_DATE,USER_NAME,APPLICATION_ID,CREATION_DATE,LAST_UPDATE_DATE,VERSION) VALUES (9043, '1754-01-01', 'sampleUser42', 9001,current_timestamp(),current_timestamp(),1);
insert into memberships(ENABLED,CREATION_DATE,DESCRIPTION,FAILED_REVRY_ATMPT_CNT,FAILED_REVRY_ATMPT_WIN_START,FAILED_PWD_ATMPT_CNT,FAILED_PWD_ATMPT_WIN_START,LAST_LOCK_OUT_DATE,LAST_PWD_CHANGE_DATE,LOCKED_OUT,PASSWORD,USER_ID,ENCRYPTED) VALUES (1, current_timestamp(), 'Description of membership', 0, '1754-01-01', 0, '1754-01-01', '1754-01-01', '1754-01-01', 0, '$2a$04$TTSabYo9subetYbdCh7zaujjq/mkCjnMex132CHOl3XoL83MK.FJe', 9043, 1);
insert into users(ID,LAST_ACTIVITY_DATE,USER_NAME,APPLICATION_ID,CREATION_DATE,LAST_UPDATE_DATE,VERSION) VALUES (9044, '1754-01-01', 'sampleUser43', 9003,current_timestamp(),current_timestamp(),1);
insert into memberships(ENABLED,CREATION_DATE,DESCRIPTION,FAILED_REVRY_ATMPT_CNT,FAILED_REVRY_ATMPT_WIN_START,FAILED_PWD_ATMPT_CNT,FAILED_PWD_ATMPT_WIN_START,LAST_LOCK_OUT_DATE,LAST_PWD_CHANGE_DATE,LOCKED_OUT,PASSWORD,USER_ID,ENCRYPTED) VALUES (1, current_timestamp(), 'Description of membership', 0, '1754-01-01', 0, '1754-01-01', '1754-01-01', current_timestamp(), 1, '$2a$04$TTSabYo9subetYbdCh7zaujjq/mkCjnMex132CHOl3XoL83MK.FJe', 9044, 1);
insert into users(ID,LAST_ACTIVITY_DATE,USER_NAME,APPLICATION_ID,CREATION_DATE,LAST_UPDATE_DATE,VERSION) VALUES (9045, '1754-01-01', 'sampleUser44', 9003,current_timestamp(),current_timestamp(),1);
insert into memberships(ENABLED,CREATION_DATE,DESCRIPTION,FAILED_REVRY_ATMPT_CNT,FAILED_REVRY_ATMPT_WIN_START,FAILED_PWD_ATMPT_CNT,FAILED_PWD_ATMPT_WIN_START,LAST_LOCK_OUT_DATE,LAST_PWD_CHANGE_DATE,LOCKED_OUT,PASSWORD,USER_ID,ENCRYPTED) VALUES (0, current_timestamp(), 'Description of membership', 0, '1754-01-01', 0, '1754-01-01', '1754-01-01', '1754-01-01', 0, '$2a$04$TTSabYo9subetYbdCh7zaujjq/mkCjnMex132CHOl3XoL83MK.FJe', 9045, 1);
insert into users(ID,LAST_ACTIVITY_DATE,USER_NAME,APPLICATION_ID,CREATION_DATE,LAST_UPDATE_DATE,VERSION) VALUES (9046, '1754-01-01', 'sampleUser45', 9003,current_timestamp(),current_timestamp(),1);
insert into memberships(ENABLED,CREATION_DATE,DESCRIPTION,FAILED_REVRY_ATMPT_CNT,FAILED_REVRY_ATMPT_WIN_START,FAILED_PWD_ATMPT_CNT,FAILED_PWD_ATMPT_WIN_START,LAST_LOCK_OUT_DATE,LAST_PWD_CHANGE_DATE,LOCKED_OUT,PASSWORD,USER_ID,ENCRYPTED) VALUES (1, current_timestamp(), 'Description of membership', 0, '1754-01-01', 0, '1754-01-01', '1754-01-01', '1754-01-01', 0, '$2a$04$TTSabYo9subetYbdCh7zaujjq/mkCjnMex132CHOl3XoL83MK.FJe', 9046, 1);
insert into users(ID,LAST_ACTIVITY_DATE,USER_NAME,APPLICATION_ID,CREATION_DATE,LAST_UPDATE_DATE,VERSION) VALUES (9047, '1754-01-01', 'sampleUser46', 9003,current_timestamp(),current_timestamp(),1);
insert into memberships(ENABLED,CREATION_DATE,DESCRIPTION,FAILED_REVRY_ATMPT_CNT,FAILED_REVRY_ATMPT_WIN_START,FAILED_PWD_ATMPT_CNT,FAILED_PWD_ATMPT_WIN_START,LAST_LOCK_OUT_DATE,LAST_PWD_CHANGE_DATE,LOCKED_OUT,PASSWORD,USER_ID,ENCRYPTED) VALUES (1, current_timestamp(), 'Description of membership', 0, '1754-01-01', 0, '1754-01-01', '1754-01-01', '1754-01-01', 0, '$2a$04$TTSabYo9subetYbdCh7zaujjq/mkCjnMex132CHOl3XoL83MK.FJe', 9047, 1);
insert into users(ID,LAST_ACTIVITY_DATE,USER_NAME,APPLICATION_ID,CREATION_DATE,LAST_UPDATE_DATE,VERSION) VALUES (9048, '1754-01-01', 'sampleUser47', 9001,current_timestamp(),current_timestamp(),1);
insert into memberships(ENABLED,CREATION_DATE,DESCRIPTION,FAILED_REVRY_ATMPT_CNT,FAILED_REVRY_ATMPT_WIN_START,FAILED_PWD_ATMPT_CNT,FAILED_PWD_ATMPT_WIN_START,LAST_LOCK_OUT_DATE,LAST_PWD_CHANGE_DATE,LOCKED_OUT,PASSWORD,USER_ID,ENCRYPTED) VALUES (1, current_timestamp(), 'Description of membership', 0, '1754-01-01', 0, '1754-01-01', '1754-01-01', '1754-01-01', 0, '$2a$04$TTSabYo9subetYbdCh7zaujjq/mkCjnMex132CHOl3XoL83MK.FJe', 9048, 1);
insert into users(ID,LAST_ACTIVITY_DATE,USER_NAME,APPLICATION_ID,CREATION_DATE,LAST_UPDATE_DATE,VERSION) VALUES (9049, '1754-01-01', 'sampleUser48', 9004,current_timestamp(),current_timestamp(),1);
insert into memberships(ENABLED,CREATION_DATE,DESCRIPTION,FAILED_REVRY_ATMPT_CNT,FAILED_REVRY_ATMPT_WIN_START,FAILED_PWD_ATMPT_CNT,FAILED_PWD_ATMPT_WIN_START,LAST_LOCK_OUT_DATE,LAST_PWD_CHANGE_DATE,LOCKED_OUT,PASSWORD,USER_ID,ENCRYPTED) VALUES (1, current_timestamp(), 'Description of membership', 0, '1754-01-01', 0, '1754-01-01', '1754-01-01', '1754-01-01', 0, '$2a$04$TTSabYo9subetYbdCh7zaujjq/mkCjnMex132CHOl3XoL83MK.FJe', 9049, 1);
insert into users(ID,LAST_ACTIVITY_DATE,USER_NAME,APPLICATION_ID,CREATION_DATE,LAST_UPDATE_DATE,VERSION) VALUES (9050, '1754-01-01', 'sampleUser49', 9004,current_timestamp(),current_timestamp(),1);
insert into memberships(ENABLED,CREATION_DATE,DESCRIPTION,FAILED_REVRY_ATMPT_CNT,FAILED_REVRY_ATMPT_WIN_START,FAILED_PWD_ATMPT_CNT,FAILED_PWD_ATMPT_WIN_START,LAST_LOCK_OUT_DATE,LAST_PWD_CHANGE_DATE,LOCKED_OUT,PASSWORD,USER_ID,ENCRYPTED) VALUES (1, current_timestamp(), 'Description of membership', 0, '1754-01-01', 0, '1754-01-01', '1754-01-01', '1754-01-01', 0, '$2a$04$TTSabYo9subetYbdCh7zaujjq/mkCjnMex132CHOl3XoL83MK.FJe', 9050, 1);
insert into users(ID,LAST_ACTIVITY_DATE,USER_NAME,APPLICATION_ID,CREATION_DATE,LAST_UPDATE_DATE,VERSION) VALUES (9051, '1754-01-01', 'sampleUser50', 9004,current_timestamp(),current_timestamp(),1);
insert into users(ID,LAST_ACTIVITY_DATE,USER_NAME,APPLICATION_ID,CREATION_DATE,LAST_UPDATE_DATE,VERSION) VALUES (9052, '1754-01-01', 'sampleUser51', 9003,current_timestamp(),current_timestamp(),1);
insert into memberships(ENABLED,CREATION_DATE,DESCRIPTION,FAILED_REVRY_ATMPT_CNT,FAILED_REVRY_ATMPT_WIN_START,FAILED_PWD_ATMPT_CNT,FAILED_PWD_ATMPT_WIN_START,LAST_LOCK_OUT_DATE,LAST_PWD_CHANGE_DATE,LOCKED_OUT,PASSWORD,USER_ID,ENCRYPTED) VALUES (1, current_timestamp(), 'Description of membership', 0, '1754-01-01', 0, '1754-01-01', '1754-01-01', '1754-01-01', 0, '$2a$04$TTSabYo9subetYbdCh7zaujjq/mkCjnMex132CHOl3XoL83MK.FJe', 9052, 1);
insert into users(ID,LAST_ACTIVITY_DATE,USER_NAME,APPLICATION_ID,CREATION_DATE,LAST_UPDATE_DATE,VERSION) VALUES (9053, '1754-01-01', 'sampleUser52', 9003,current_timestamp(),current_timestamp(),1);
insert into memberships(ENABLED,CREATION_DATE,DESCRIPTION,FAILED_REVRY_ATMPT_CNT,FAILED_REVRY_ATMPT_WIN_START,FAILED_PWD_ATMPT_CNT,FAILED_PWD_ATMPT_WIN_START,LAST_LOCK_OUT_DATE,LAST_PWD_CHANGE_DATE,LOCKED_OUT,PASSWORD,USER_ID,ENCRYPTED) VALUES (1, current_timestamp(), 'Description of membership', 0, '1754-01-01', 0, '1754-01-01', '1754-01-01', '1754-01-01', 0, '$2a$04$TTSabYo9subetYbdCh7zaujjq/mkCjnMex132CHOl3XoL83MK.FJe', 9053, 1);
insert into users(ID,LAST_ACTIVITY_DATE,USER_NAME,APPLICATION_ID,CREATION_DATE,LAST_UPDATE_DATE,VERSION) VALUES (9054, '1754-01-01', 'sampleUser53', 9003,current_timestamp(),current_timestamp(),1);
insert into users(ID,LAST_ACTIVITY_DATE,USER_NAME,APPLICATION_ID,CREATION_DATE,LAST_UPDATE_DATE,VERSION) VALUES (9055, '1754-01-01', 'sampleUser54', 9003,current_timestamp(),current_timestamp(),1);
insert into memberships(ENABLED,CREATION_DATE,DESCRIPTION,FAILED_REVRY_ATMPT_CNT,FAILED_REVRY_ATMPT_WIN_START,FAILED_PWD_ATMPT_CNT,FAILED_PWD_ATMPT_WIN_START,LAST_LOCK_OUT_DATE,LAST_PWD_CHANGE_DATE,LOCKED_OUT,PASSWORD,USER_ID,ENCRYPTED) VALUES (1, current_timestamp(), 'Description of membership', 0, '1754-01-01', 0, '1754-01-01', '1754-01-01', current_timestamp(), 1, '$2a$04$TTSabYo9subetYbdCh7zaujjq/mkCjnMex132CHOl3XoL83MK.FJe', 9055, 1);
insert into users(ID,LAST_ACTIVITY_DATE,USER_NAME,APPLICATION_ID,CREATION_DATE,LAST_UPDATE_DATE,VERSION) VALUES (9056, '1754-01-01', 'sampleUser55', 9003,current_timestamp(),current_timestamp(),1);
insert into memberships(ENABLED,CREATION_DATE,DESCRIPTION,FAILED_REVRY_ATMPT_CNT,FAILED_REVRY_ATMPT_WIN_START,FAILED_PWD_ATMPT_CNT,FAILED_PWD_ATMPT_WIN_START,LAST_LOCK_OUT_DATE,LAST_PWD_CHANGE_DATE,LOCKED_OUT,PASSWORD,USER_ID,ENCRYPTED) VALUES (0, current_timestamp(), 'Description of membership', 0, '1754-01-01', 0, '1754-01-01', '1754-01-01', '1754-01-01', 0, '$2a$04$TTSabYo9subetYbdCh7zaujjq/mkCjnMex132CHOl3XoL83MK.FJe', 9056, 1);
insert into users(ID,LAST_ACTIVITY_DATE,USER_NAME,APPLICATION_ID,CREATION_DATE,LAST_UPDATE_DATE,VERSION) VALUES (9057, '1754-01-01', 'sampleUser56', 9003,current_timestamp(),current_timestamp(),1);
insert into memberships(ENABLED,CREATION_DATE,DESCRIPTION,FAILED_REVRY_ATMPT_CNT,FAILED_REVRY_ATMPT_WIN_START,FAILED_PWD_ATMPT_CNT,FAILED_PWD_ATMPT_WIN_START,LAST_LOCK_OUT_DATE,LAST_PWD_CHANGE_DATE,LOCKED_OUT,PASSWORD,USER_ID,ENCRYPTED) VALUES (1, current_timestamp(), 'Description of membership', 0, '1754-01-01', 0, '1754-01-01', '1754-01-01', '1754-01-01', 0, '$2a$04$TTSabYo9subetYbdCh7zaujjq/mkCjnMex132CHOl3XoL83MK.FJe', 9057, 1);
insert into users(ID,LAST_ACTIVITY_DATE,USER_NAME,APPLICATION_ID,CREATION_DATE,LAST_UPDATE_DATE,VERSION) VALUES (9058, '1754-01-01', 'sampleUser57', 9003,current_timestamp(),current_timestamp(),1);
insert into memberships(ENABLED,CREATION_DATE,DESCRIPTION,FAILED_REVRY_ATMPT_CNT,FAILED_REVRY_ATMPT_WIN_START,FAILED_PWD_ATMPT_CNT,FAILED_PWD_ATMPT_WIN_START,LAST_LOCK_OUT_DATE,LAST_PWD_CHANGE_DATE,LOCKED_OUT,PASSWORD,USER_ID,ENCRYPTED) VALUES (1, current_timestamp(), 'Description of membership', 0, '1754-01-01', 0, '1754-01-01', '1754-01-01', '1754-01-01', 0, '$2a$04$TTSabYo9subetYbdCh7zaujjq/mkCjnMex132CHOl3XoL83MK.FJe', 9058, 1);
insert into users(ID,LAST_ACTIVITY_DATE,USER_NAME,APPLICATION_ID,CREATION_DATE,LAST_UPDATE_DATE,VERSION) VALUES (9059, '1754-01-01', 'sampleUser58', 9001,current_timestamp(),current_timestamp(),1);
insert into memberships(ENABLED,CREATION_DATE,DESCRIPTION,FAILED_REVRY_ATMPT_CNT,FAILED_REVRY_ATMPT_WIN_START,FAILED_PWD_ATMPT_CNT,FAILED_PWD_ATMPT_WIN_START,LAST_LOCK_OUT_DATE,LAST_PWD_CHANGE_DATE,LOCKED_OUT,PASSWORD,USER_ID,ENCRYPTED) VALUES (1, current_timestamp(), 'Description of membership', 0, '1754-01-01', 0, '1754-01-01', '1754-01-01', '1754-01-01', 0, '$2a$04$TTSabYo9subetYbdCh7zaujjq/mkCjnMex132CHOl3XoL83MK.FJe', 9059, 1);
insert into users(ID,LAST_ACTIVITY_DATE,USER_NAME,APPLICATION_ID,CREATION_DATE,LAST_UPDATE_DATE,VERSION) VALUES (9060, '1754-01-01', 'sampleUser59', 9003,current_timestamp(),current_timestamp(),1);
insert into memberships(ENABLED,CREATION_DATE,DESCRIPTION,FAILED_REVRY_ATMPT_CNT,FAILED_REVRY_ATMPT_WIN_START,FAILED_PWD_ATMPT_CNT,FAILED_PWD_ATMPT_WIN_START,LAST_LOCK_OUT_DATE,LAST_PWD_CHANGE_DATE,LOCKED_OUT,PASSWORD,USER_ID,ENCRYPTED) VALUES (1, current_timestamp(), 'Description of membership', 0, '1754-01-01', 0, '1754-01-01', '1754-01-01', '1754-01-01', 0, '$2a$04$TTSabYo9subetYbdCh7zaujjq/mkCjnMex132CHOl3XoL83MK.FJe', 9060, 1);
insert into users(ID,LAST_ACTIVITY_DATE,USER_NAME,APPLICATION_ID,CREATION_DATE,LAST_UPDATE_DATE,VERSION) VALUES (9061, '1754-01-01', 'sampleUser60', 9003,current_timestamp(),current_timestamp(),1);
insert into memberships(ENABLED,CREATION_DATE,DESCRIPTION,FAILED_REVRY_ATMPT_CNT,FAILED_REVRY_ATMPT_WIN_START,FAILED_PWD_ATMPT_CNT,FAILED_PWD_ATMPT_WIN_START,LAST_LOCK_OUT_DATE,LAST_PWD_CHANGE_DATE,LOCKED_OUT,PASSWORD,USER_ID,ENCRYPTED) VALUES (1, current_timestamp(), 'Description of membership', 0, '1754-01-01', 0, '1754-01-01', '1754-01-01', '1754-01-01', 0, '$2a$04$TTSabYo9subetYbdCh7zaujjq/mkCjnMex132CHOl3XoL83MK.FJe', 9061, 1);
insert into users(ID,LAST_ACTIVITY_DATE,USER_NAME,APPLICATION_ID,CREATION_DATE,LAST_UPDATE_DATE,VERSION) VALUES (9062, '1754-01-01', 'sampleUser61', 9003,current_timestamp(),current_timestamp(),1);
insert into memberships(ENABLED,CREATION_DATE,DESCRIPTION,FAILED_REVRY_ATMPT_CNT,FAILED_REVRY_ATMPT_WIN_START,FAILED_PWD_ATMPT_CNT,FAILED_PWD_ATMPT_WIN_START,LAST_LOCK_OUT_DATE,LAST_PWD_CHANGE_DATE,LOCKED_OUT,PASSWORD,USER_ID,ENCRYPTED) VALUES (1, current_timestamp(), 'Description of membership', 0, '1754-01-01', 0, '1754-01-01', '1754-01-01', '1754-01-01', 0, '$2a$04$TTSabYo9subetYbdCh7zaujjq/mkCjnMex132CHOl3XoL83MK.FJe', 9062, 1);
insert into users(ID,LAST_ACTIVITY_DATE,USER_NAME,APPLICATION_ID,CREATION_DATE,LAST_UPDATE_DATE,VERSION) VALUES (9063, '1754-01-01', 'sampleUser62', 9003,current_timestamp(),current_timestamp(),1);
insert into users(ID,LAST_ACTIVITY_DATE,USER_NAME,APPLICATION_ID,CREATION_DATE,LAST_UPDATE_DATE,VERSION) VALUES (9064, '1754-01-01', 'sampleUser63', 9003,current_timestamp(),current_timestamp(),1);
insert into memberships(ENABLED,CREATION_DATE,DESCRIPTION,FAILED_REVRY_ATMPT_CNT,FAILED_REVRY_ATMPT_WIN_START,FAILED_PWD_ATMPT_CNT,FAILED_PWD_ATMPT_WIN_START,LAST_LOCK_OUT_DATE,LAST_PWD_CHANGE_DATE,LOCKED_OUT,PASSWORD,USER_ID,ENCRYPTED) VALUES (1, current_timestamp(), 'Description of membership', 0, '1754-01-01', 0, '1754-01-01', '1754-01-01', '1754-01-01', 0, '$2a$04$TTSabYo9subetYbdCh7zaujjq/mkCjnMex132CHOl3XoL83MK.FJe', 9064, 1);
insert into users(ID,LAST_ACTIVITY_DATE,USER_NAME,APPLICATION_ID,CREATION_DATE,LAST_UPDATE_DATE,VERSION) VALUES (9065, '1754-01-01', 'sampleUser64', 9003,current_timestamp(),current_timestamp(),1);
insert into memberships(ENABLED,CREATION_DATE,DESCRIPTION,FAILED_REVRY_ATMPT_CNT,FAILED_REVRY_ATMPT_WIN_START,FAILED_PWD_ATMPT_CNT,FAILED_PWD_ATMPT_WIN_START,LAST_LOCK_OUT_DATE,LAST_PWD_CHANGE_DATE,LOCKED_OUT,PASSWORD,USER_ID,ENCRYPTED) VALUES (1, current_timestamp(), 'Description of membership', 0, '1754-01-01', 0, '1754-01-01', '1754-01-01', current_timestamp(), 1, '$2a$04$TTSabYo9subetYbdCh7zaujjq/mkCjnMex132CHOl3XoL83MK.FJe', 9065, 1);
insert into users(ID,LAST_ACTIVITY_DATE,USER_NAME,APPLICATION_ID,CREATION_DATE,LAST_UPDATE_DATE,VERSION) VALUES (9066, '1754-01-01', 'sampleUser65', 9003,current_timestamp(),current_timestamp(),1);
insert into memberships(ENABLED,CREATION_DATE,DESCRIPTION,FAILED_REVRY_ATMPT_CNT,FAILED_REVRY_ATMPT_WIN_START,FAILED_PWD_ATMPT_CNT,FAILED_PWD_ATMPT_WIN_START,LAST_LOCK_OUT_DATE,LAST_PWD_CHANGE_DATE,LOCKED_OUT,PASSWORD,USER_ID,ENCRYPTED) VALUES (0, current_timestamp(), 'Description of membership', 0, '1754-01-01', 0, '1754-01-01', '1754-01-01', '1754-01-01', 0, '$2a$04$TTSabYo9subetYbdCh7zaujjq/mkCjnMex132CHOl3XoL83MK.FJe', 9066, 1);
insert into users(ID,LAST_ACTIVITY_DATE,USER_NAME,APPLICATION_ID,CREATION_DATE,LAST_UPDATE_DATE,VERSION) VALUES (9067, '1754-01-01', 'sampleUser66', 9003,current_timestamp(),current_timestamp(),1);
insert into memberships(ENABLED,CREATION_DATE,DESCRIPTION,FAILED_REVRY_ATMPT_CNT,FAILED_REVRY_ATMPT_WIN_START,FAILED_PWD_ATMPT_CNT,FAILED_PWD_ATMPT_WIN_START,LAST_LOCK_OUT_DATE,LAST_PWD_CHANGE_DATE,LOCKED_OUT,PASSWORD,USER_ID,ENCRYPTED) VALUES (1, current_timestamp(), 'Description of membership', 0, '1754-01-01', 0, '1754-01-01', '1754-01-01', '1754-01-01', 0, '$2a$04$TTSabYo9subetYbdCh7zaujjq/mkCjnMex132CHOl3XoL83MK.FJe', 9067, 1);
insert into users(ID,LAST_ACTIVITY_DATE,USER_NAME,APPLICATION_ID,CREATION_DATE,LAST_UPDATE_DATE,VERSION) VALUES (9068, '1754-01-01', 'sampleUser67', 9003,current_timestamp(),current_timestamp(),1);
insert into memberships(ENABLED,CREATION_DATE,DESCRIPTION,FAILED_REVRY_ATMPT_CNT,FAILED_REVRY_ATMPT_WIN_START,FAILED_PWD_ATMPT_CNT,FAILED_PWD_ATMPT_WIN_START,LAST_LOCK_OUT_DATE,LAST_PWD_CHANGE_DATE,LOCKED_OUT,PASSWORD,USER_ID,ENCRYPTED) VALUES (1, current_timestamp(), 'Description of membership', 0, '1754-01-01', 0, '1754-01-01', '1754-01-01', '1754-01-01', 0, '$2a$04$TTSabYo9subetYbdCh7zaujjq/mkCjnMex132CHOl3XoL83MK.FJe', 9068, 1);
insert into users(ID,LAST_ACTIVITY_DATE,USER_NAME,APPLICATION_ID,CREATION_DATE,LAST_UPDATE_DATE,VERSION) VALUES (9069, '1754-01-01', 'sampleUser68', 9001,current_timestamp(),current_timestamp(),1);
insert into memberships(ENABLED,CREATION_DATE,DESCRIPTION,FAILED_REVRY_ATMPT_CNT,FAILED_REVRY_ATMPT_WIN_START,FAILED_PWD_ATMPT_CNT,FAILED_PWD_ATMPT_WIN_START,LAST_LOCK_OUT_DATE,LAST_PWD_CHANGE_DATE,LOCKED_OUT,PASSWORD,USER_ID,ENCRYPTED) VALUES (1, current_timestamp(), 'Description of membership', 0, '1754-01-01', 0, '1754-01-01', '1754-01-01', '1754-01-01', 0, '$2a$04$TTSabYo9subetYbdCh7zaujjq/mkCjnMex132CHOl3XoL83MK.FJe', 9069, 1);
insert into users(ID,LAST_ACTIVITY_DATE,USER_NAME,APPLICATION_ID,CREATION_DATE,LAST_UPDATE_DATE,VERSION) VALUES (9070, '1754-01-01', 'sampleUser69', 9003,current_timestamp(),current_timestamp(),1);
insert into memberships(ENABLED,CREATION_DATE,DESCRIPTION,FAILED_REVRY_ATMPT_CNT,FAILED_REVRY_ATMPT_WIN_START,FAILED_PWD_ATMPT_CNT,FAILED_PWD_ATMPT_WIN_START,LAST_LOCK_OUT_DATE,LAST_PWD_CHANGE_DATE,LOCKED_OUT,PASSWORD,USER_ID,ENCRYPTED) VALUES (1, current_timestamp(), 'Description of membership', 0, '1754-01-01', 0, '1754-01-01', '1754-01-01', '1754-01-01', 0, '$2a$04$TTSabYo9subetYbdCh7zaujjq/mkCjnMex132CHOl3XoL83MK.FJe', 9070, 1);
insert into password_histories(id,change_date,password,membership_id,CREATION_DATE,LAST_UPDATE_DATE) values (9001,date_add(current_timestamp(),INTERVAL -10 DAY),'$2a$04$TTSabYo9subetYbdCh7zaujjq/mkCjnMex132CHOl3XoL83MK.FJe',9007,current_timestamp(),current_timestamp());
insert into groups(ID,NAME,DESCRIPTION,APPLICATION_ID,creation_date,last_update_date,version) VALUES (9001,'Group 1','Group description',9001,current_timestamp(),current_timestamp(),1);
insert into groups(ID,NAME,DESCRIPTION,APPLICATION_ID,creation_date,last_update_date,version) VALUES (9002,'Group 2','Group description',9002,current_timestamp(),current_timestamp(),1);
insert into groups(ID,NAME,DESCRIPTION,APPLICATION_ID,creation_date,last_update_date,version) VALUES (9003,'Group 3','Group description',9001,current_timestamp(),current_timestamp(),1);
insert into groups(ID,NAME,DESCRIPTION,APPLICATION_ID,creation_date,last_update_date,version) VALUES (9004,'Group 4','Group description',9003,current_timestamp(),current_timestamp(),1);
insert into groups(ID,NAME,DESCRIPTION,APPLICATION_ID,creation_date,last_update_date,version) VALUES (9005,'Group 5','Group description',9001,current_timestamp(),current_timestamp(),1);
insert into groups(ID,NAME,DESCRIPTION,APPLICATION_ID,creation_date,last_update_date,version) VALUES (9006,'Group 6','Group description',9004,current_timestamp(),current_timestamp(),1);
insert into groups(ID,NAME,DESCRIPTION,APPLICATION_ID,creation_date,last_update_date,version) VALUES (9007,'Group 7','Group description',9003,current_timestamp(),current_timestamp(),1);
insert into authorities(ID,NAME,DESCRIPTION,APPLICATION_ID,creation_date,last_update_date,version) VALUES (9001,'Authority 1','Authority description',9001,current_timestamp(),current_timestamp(),1);
insert into authorities(ID,NAME,DESCRIPTION,APPLICATION_ID,creation_date,last_update_date,version) VALUES (9002,'Authority 2','Authority description',9002,current_timestamp(),current_timestamp(),1);
insert into authorities(ID,NAME,DESCRIPTION,APPLICATION_ID,creation_date,last_update_date,version) VALUES (9003,'Authority 3','Authority description',9001,current_timestamp(),current_timestamp(),1);
insert into authorities(ID,NAME,DESCRIPTION,APPLICATION_ID,creation_date,last_update_date,version) VALUES (9004,'Authority 4','Authority description',9003,current_timestamp(),current_timestamp(),1);
insert into authorities(ID,NAME,DESCRIPTION,APPLICATION_ID,creation_date,last_update_date,version) VALUES (9005,'Authority 5','Authority description',9001,current_timestamp(),current_timestamp(),1);
insert into authorities(ID,NAME,DESCRIPTION,APPLICATION_ID,creation_date,last_update_date,version) VALUES (9006,'Authority 6','Authority description',9004,current_timestamp(),current_timestamp(),1);
insert into authorities(ID,NAME,DESCRIPTION,APPLICATION_ID,creation_date,last_update_date,version) VALUES (9007,'Authority 7','Authority description',9003,current_timestamp(),current_timestamp(),1);
insert into group_authorities(GROUP_ID,AUTHORITY_ID) VALUES (9001,9001);
insert into group_authorities(GROUP_ID,AUTHORITY_ID) VALUES (9002,9002);
insert into group_authorities(GROUP_ID,AUTHORITY_ID) VALUES (9003,9003);
insert into group_authorities(GROUP_ID,AUTHORITY_ID) VALUES (9004,9004);
insert into group_authorities(GROUP_ID,AUTHORITY_ID) VALUES (9005,9005);
insert into group_authorities(GROUP_ID,AUTHORITY_ID) VALUES (9006,9006);
insert into group_authorities(GROUP_ID,AUTHORITY_ID) VALUES (9007,9007);
insert into group_users(USER_ID,GROUP_ID) VALUES (9001,9001);
insert into group_users(USER_ID,GROUP_ID) VALUES (9003,9001);
insert into group_users(USER_ID,GROUP_ID) VALUES (9004,9001);
insert into group_users(USER_ID,GROUP_ID) VALUES (9005,9001);
insert into group_users(USER_ID,GROUP_ID) VALUES (9006,9001);
insert into group_users(USER_ID,GROUP_ID) VALUES (9007,9001);
insert into group_users(USER_ID,GROUP_ID) VALUES (9008,9001);
insert into group_users(USER_ID,GROUP_ID) VALUES (9009,9001);
insert into group_users(USER_ID,GROUP_ID) VALUES (9010,9001);
insert into group_users(USER_ID,GROUP_ID) VALUES (9014,9001);
insert into group_users(USER_ID,GROUP_ID) VALUES (9015,9001);
insert into group_users(USER_ID,GROUP_ID) VALUES (9016,9003);
insert into group_users(USER_ID,GROUP_ID) VALUES (9018,9001);
insert into group_users(USER_ID,GROUP_ID) VALUES (9019,9001);
insert into group_users(USER_ID,GROUP_ID) VALUES (9020,9001);
insert into group_users(USER_ID,GROUP_ID) VALUES (9026,9002);
insert into group_users(USER_ID,GROUP_ID) VALUES (9027,9002);
insert into group_users(USER_ID,GROUP_ID) VALUES (9028,9002);
insert into group_users(USER_ID,GROUP_ID) VALUES (9033,9004);
insert into group_users(USER_ID,GROUP_ID) VALUES (9034,9004);
insert into group_users(USER_ID,GROUP_ID) VALUES (9035,9004);
insert into group_users(USER_ID,GROUP_ID) VALUES (9036,9004);
insert into group_users(USER_ID,GROUP_ID) VALUES (9037,9004);
insert into group_users(USER_ID,GROUP_ID) VALUES (9038,9004);
insert into group_users(USER_ID,GROUP_ID) VALUES (9039,9004);
insert into group_users(USER_ID,GROUP_ID) VALUES (9040,9004);
insert into group_users(USER_ID,GROUP_ID) VALUES (9041,9004);
insert into group_users(USER_ID,GROUP_ID) VALUES (9042,9004);
insert into group_users(USER_ID,GROUP_ID) VALUES (9043,9005);
insert into group_users(USER_ID,GROUP_ID) VALUES (9044,9004);
insert into group_users(USER_ID,GROUP_ID) VALUES (9045,9004);
insert into group_users(USER_ID,GROUP_ID) VALUES (9046,9004);
insert into group_users(USER_ID,GROUP_ID) VALUES (9047,9004);
insert into group_users(USER_ID,GROUP_ID) VALUES (9048,9005);
insert into group_users(USER_ID,GROUP_ID) VALUES (9049,9006);
insert into group_users(USER_ID,GROUP_ID) VALUES (9050,9006);
insert into group_users(USER_ID,GROUP_ID) VALUES (9052,9007);
insert into group_users(USER_ID,GROUP_ID) VALUES (9053,9007);
insert into group_users(USER_ID,GROUP_ID) VALUES (9055,9007);
insert into group_users(USER_ID,GROUP_ID) VALUES (9056,9007);
insert into group_users(USER_ID,GROUP_ID) VALUES (9057,9007);
insert into group_users(USER_ID,GROUP_ID) VALUES (9058,9007);
insert into group_users(USER_ID,GROUP_ID) VALUES (9059,9005);
insert into group_users(USER_ID,GROUP_ID) VALUES (9060,9005);
insert into group_users(USER_ID,GROUP_ID) VALUES (9061,9005);
insert into group_users(USER_ID,GROUP_ID) VALUES (9062,9004);
insert into group_users(USER_ID,GROUP_ID) VALUES (9064,9004);
insert into group_users(USER_ID,GROUP_ID) VALUES (9065,9004);
insert into group_users(USER_ID,GROUP_ID) VALUES (9066,9004);
insert into group_users(USER_ID,GROUP_ID) VALUES (9067,9004);
insert into group_users(USER_ID,GROUP_ID) VALUES (9068,9004);
insert into group_users(USER_ID,GROUP_ID) VALUES (9069,9005);
insert into group_users(USER_ID,GROUP_ID) VALUES (9070,9007);
insert into recovery_information(ID,USER_ID,QUESTION,ANSWER,ENCRYPTED,CREATION_DATE,LAST_UPDATE_DATE,VERSION) VALUES (9001,9010,'What is your father''s tribe?','SAMPLE FATHER''S TRIBE',0,current_timestamp(),current_timestamp(),1);
insert into recovery_information(ID,USER_ID,QUESTION,ANSWER,ENCRYPTED,CREATION_DATE,LAST_UPDATE_DATE,VERSION) VALUES (9002,9010,'What is your dream work?','SAMPLE DREAM WORK',0,current_timestamp(),current_timestamp(),1);
insert into recovery_information(ID,USER_ID,QUESTION,ANSWER,ENCRYPTED,CREATION_DATE,LAST_UPDATE_DATE,VERSION) VALUES (9003,9010,'What was the name of your primary school?','SAMPLE PRIMARY SCHOOL NAME',0,current_timestamp(),current_timestamp(),1);
insert into recovery_information(ID,USER_ID,QUESTION,ANSWER,ENCRYPTED,CREATION_DATE,LAST_UPDATE_DATE,VERSION) VALUES (9004,9020,'Where did you meet your spouse?','SAMPLE SPOUSE MEET PLACE',0,current_timestamp(),current_timestamp(),1);
insert into recovery_information(ID,USER_ID,QUESTION,ANSWER,ENCRYPTED,CREATION_DATE,LAST_UPDATE_DATE,VERSION) VALUES (9005,9020,'What is your dream car?','SAMPLE DREAM CAR MAKE',0,current_timestamp(),current_timestamp(),1);
insert into recovery_information(ID,USER_ID,QUESTION,ANSWER,ENCRYPTED,CREATION_DATE,LAST_UPDATE_DATE,VERSION) VALUES (9006,9020,'Who was your childhood best friend?','SAMPLE CHILDHOOD BEST FRIEND',0,current_timestamp(),current_timestamp(),1);
insert into recovery_information(ID,USER_ID,QUESTION,ANSWER,ENCRYPTED,CREATION_DATE,LAST_UPDATE_DATE,VERSION) VALUES (9007,9015,'What is your father''s tribe?','SAMPLE FATHER''S TRIBE',0,current_timestamp(),current_timestamp(),1);
insert into recovery_information(ID,USER_ID,QUESTION,ANSWER,ENCRYPTED,CREATION_DATE,LAST_UPDATE_DATE,VERSION) VALUES (9008,9015,'What is your dream work?','SAMPLE DREAM WORK',0,current_timestamp(),current_timestamp(),1);
insert into recovery_information(ID,USER_ID,QUESTION,ANSWER,ENCRYPTED,CREATION_DATE,LAST_UPDATE_DATE,VERSION) VALUES (9009,9015,'What was the name of your primary school?','SAMPLE PRIMARY SCHOOL NAME',0,current_timestamp(),current_timestamp(),1);
insert into recovery_information(ID,USER_ID,QUESTION,ANSWER,ENCRYPTED,CREATION_DATE,LAST_UPDATE_DATE,VERSION) VALUES (9010,9016,'What is your father''s tribe?','SAMPLE FATHER''S TRIBE',0,current_timestamp(),current_timestamp(),1);
insert into recovery_information(ID,USER_ID,QUESTION,ANSWER,ENCRYPTED,CREATION_DATE,LAST_UPDATE_DATE,VERSION) VALUES (9011,9016,'What is your dream work?','SAMPLE DREAM WORK',0,current_timestamp(),current_timestamp(),1);
insert into recovery_information(ID,USER_ID,QUESTION,ANSWER,ENCRYPTED,CREATION_DATE,LAST_UPDATE_DATE,VERSION) VALUES (9012,9016,'What was the name of your primary school?','SAMPLE PRIMARY SCHOOL NAME',0,current_timestamp(),current_timestamp(),1);
insert into recovery_information(ID,USER_ID,QUESTION,ANSWER,ENCRYPTED,CREATION_DATE,LAST_UPDATE_DATE,VERSION) VALUES (9013,9017,'What is your father''s tribe?','SAMPLE FATHER''S TRIBE',0,current_timestamp(),current_timestamp(),1);
insert into recovery_information(ID,USER_ID,QUESTION,ANSWER,ENCRYPTED,CREATION_DATE,LAST_UPDATE_DATE,VERSION) VALUES (9014,9017,'What is your dream work?','SAMPLE DREAM WORK',0,current_timestamp(),current_timestamp(),1);
insert into recovery_information(ID,USER_ID,QUESTION,ANSWER,ENCRYPTED,CREATION_DATE,LAST_UPDATE_DATE,VERSION) VALUES (9015,9017,'What was the name of your primary school?','SAMPLE PRIMARY SCHOOL NAME',0,current_timestamp(),current_timestamp(),1);
insert into recovery_information(ID,USER_ID,QUESTION,ANSWER,ENCRYPTED,CREATION_DATE,LAST_UPDATE_DATE,VERSION) VALUES (9016,9018,'What is your father''s tribe?','SAMPLE FATHER''S TRIBE',0,current_timestamp(),current_timestamp(),1);
insert into recovery_information(ID,USER_ID,QUESTION,ANSWER,ENCRYPTED,CREATION_DATE,LAST_UPDATE_DATE,VERSION) VALUES (9017,9018,'What is your dream work?','SAMPLE DREAM WORK',0,current_timestamp(),current_timestamp(),1);
insert into recovery_information(ID,USER_ID,QUESTION,ANSWER,ENCRYPTED,CREATION_DATE,LAST_UPDATE_DATE,VERSION) VALUES (9018,9018,'What was the name of your primary school?','SAMPLE PRIMARY SCHOOL NAME',0,current_timestamp(),current_timestamp(),1);
insert into recovery_information(ID,USER_ID,QUESTION,ANSWER,ENCRYPTED,CREATION_DATE,LAST_UPDATE_DATE,VERSION) VALUES (9019,9019,'What is your father''s tribe?','SAMPLE FATHER''S TRIBE',0,current_timestamp(),current_timestamp(),1);
insert into recovery_information(ID,USER_ID,QUESTION,ANSWER,ENCRYPTED,CREATION_DATE,LAST_UPDATE_DATE,VERSION) VALUES (9020,9019,'What is your dream work?','SAMPLE DREAM WORK',0,current_timestamp(),current_timestamp(),1);
insert into recovery_information(ID,USER_ID,QUESTION,ANSWER,ENCRYPTED,CREATION_DATE,LAST_UPDATE_DATE,VERSION) VALUES (9021,9019,'What was the name of your primary school?','SAMPLE PRIMARY SCHOOL NAME',0,current_timestamp(),current_timestamp(),1);
insert into recovery_information(ID,USER_ID,QUESTION,ANSWER,ENCRYPTED,CREATION_DATE,LAST_UPDATE_DATE,VERSION) VALUES (9022,9011,'What is your father''s tribe?','SAMPLE FATHER''S TRIBE',0,current_timestamp(),current_timestamp(),1);
insert into recovery_information(ID,USER_ID,QUESTION,ANSWER,ENCRYPTED,CREATION_DATE,LAST_UPDATE_DATE,VERSION) VALUES (9023,9011,'What is your dream work?','SAMPLE DREAM WORK',0,current_timestamp(),current_timestamp(),1);
insert into recovery_information(ID,USER_ID,QUESTION,ANSWER,ENCRYPTED,CREATION_DATE,LAST_UPDATE_DATE,VERSION) VALUES (9024,9011,'What was the name of your primary school?','SAMPLE PRIMARY SCHOOL NAME',0,current_timestamp(),current_timestamp(),1);
insert into recovery_information(ID,USER_ID,QUESTION,ANSWER,ENCRYPTED,CREATION_DATE,LAST_UPDATE_DATE,VERSION) VALUES (9025,9013,'What is your father''s tribe?','SAMPLE FATHER''S TRIBE',0,current_timestamp(),current_timestamp(),1);
insert into recovery_information(ID,USER_ID,QUESTION,ANSWER,ENCRYPTED,CREATION_DATE,LAST_UPDATE_DATE,VERSION) VALUES (9026,9013,'What is your dream work?','SAMPLE DREAM WORK',0,current_timestamp(),current_timestamp(),1);
insert into recovery_information(ID,USER_ID,QUESTION,ANSWER,ENCRYPTED,CREATION_DATE,LAST_UPDATE_DATE,VERSION) VALUES (9027,9013,'What was the name of your primary school?','SAMPLE PRIMARY SCHOOL NAME',0,current_timestamp(),current_timestamp(),1);
insert into recovery_information(ID,USER_ID,QUESTION,ANSWER,ENCRYPTED,CREATION_DATE,LAST_UPDATE_DATE,VERSION) VALUES (9028,9029,'What is your father''s tribe?','SAMPLE FATHER''S TRIBE',0,current_timestamp(),current_timestamp(),1);
insert into recovery_information(ID,USER_ID,QUESTION,ANSWER,ENCRYPTED,CREATION_DATE,LAST_UPDATE_DATE,VERSION) VALUES (9029,9029,'What is your dream work?','SAMPLE DREAM WORK',0,current_timestamp(),current_timestamp(),1);
insert into recovery_information(ID,USER_ID,QUESTION,ANSWER,ENCRYPTED,CREATION_DATE,LAST_UPDATE_DATE,VERSION) VALUES (9030,9029,'What was the name of your primary school?','SAMPLE PRIMARY SCHOOL NAME',0,current_timestamp(),current_timestamp(),1);
insert into recovery_information(ID,USER_ID,QUESTION,ANSWER,ENCRYPTED,CREATION_DATE,LAST_UPDATE_DATE,VERSION) VALUES (9031,9032,'What is your father''s tribe?','SAMPLE FATHER''S TRIBE',0,current_timestamp(),current_timestamp(),1);
insert into recovery_information(ID,USER_ID,QUESTION,ANSWER,ENCRYPTED,CREATION_DATE,LAST_UPDATE_DATE,VERSION) VALUES (9032,9032,'What is your dream work?','SAMPLE DREAM WORK',0,current_timestamp(),current_timestamp(),1);
insert into recovery_information(ID,USER_ID,QUESTION,ANSWER,ENCRYPTED,CREATION_DATE,LAST_UPDATE_DATE,VERSION) VALUES (9033,9032,'What was the name of your primary school?','SAMPLE PRIMARY SCHOOL NAME',0,current_timestamp(),current_timestamp(),1);
insert into recovery_information(ID,USER_ID,QUESTION,ANSWER,ENCRYPTED,CREATION_DATE,LAST_UPDATE_DATE,VERSION) VALUES (9034,9034,'What is your father''s tribe?','SAMPLE FATHER''S TRIBE',0,current_timestamp(),current_timestamp(),1);
insert into recovery_information(ID,USER_ID,QUESTION,ANSWER,ENCRYPTED,CREATION_DATE,LAST_UPDATE_DATE,VERSION) VALUES (9035,9034,'What is your dream work?','SAMPLE DREAM WORK',0,current_timestamp(),current_timestamp(),1);
insert into recovery_information(ID,USER_ID,QUESTION,ANSWER,ENCRYPTED,CREATION_DATE,LAST_UPDATE_DATE,VERSION) VALUES (9036,9034,'What was the name of your primary school?','SAMPLE PRIMARY SCHOOL NAME',0,current_timestamp(),current_timestamp(),1);
insert into recovery_information(ID,USER_ID,QUESTION,ANSWER,ENCRYPTED,CREATION_DATE,LAST_UPDATE_DATE,VERSION) VALUES (9037,9035,'What is your father''s tribe?','SAMPLE FATHER''S TRIBE',0,current_timestamp(),current_timestamp(),1);
insert into recovery_information(ID,USER_ID,QUESTION,ANSWER,ENCRYPTED,CREATION_DATE,LAST_UPDATE_DATE,VERSION) VALUES (9038,9035,'What is your dream work?','SAMPLE DREAM WORK',0,current_timestamp(),current_timestamp(),1);
insert into recovery_information(ID,USER_ID,QUESTION,ANSWER,ENCRYPTED,CREATION_DATE,LAST_UPDATE_DATE,VERSION) VALUES (9039,9035,'What was the name of your primary school?','SAMPLE PRIMARY SCHOOL NAME',0,current_timestamp(),current_timestamp(),1);
insert into recovery_information(ID,USER_ID,QUESTION,ANSWER,ENCRYPTED,CREATION_DATE,LAST_UPDATE_DATE,VERSION) VALUES (9040,9037,'What is your father''s tribe?','SAMPLE FATHER''S TRIBE',0,current_timestamp(),current_timestamp(),1);
insert into recovery_information(ID,USER_ID,QUESTION,ANSWER,ENCRYPTED,CREATION_DATE,LAST_UPDATE_DATE,VERSION) VALUES (9041,9037,'What is your dream work?','SAMPLE DREAM WORK',0,current_timestamp(),current_timestamp(),1);
insert into recovery_information(ID,USER_ID,QUESTION,ANSWER,ENCRYPTED,CREATION_DATE,LAST_UPDATE_DATE,VERSION) VALUES (9042,9037,'What was the name of your primary school?','SAMPLE PRIMARY SCHOOL NAME',0,current_timestamp(),current_timestamp(),1);
insert into recovery_information(ID,USER_ID,QUESTION,ANSWER,ENCRYPTED,CREATION_DATE,LAST_UPDATE_DATE,VERSION) VALUES (9043,9038,'What is your father''s tribe?','SAMPLE FATHER''S TRIBE',0,current_timestamp(),current_timestamp(),1);
insert into recovery_information(ID,USER_ID,QUESTION,ANSWER,ENCRYPTED,CREATION_DATE,LAST_UPDATE_DATE,VERSION) VALUES (9044,9038,'What is your dream work?','SAMPLE DREAM WORK',0,current_timestamp(),current_timestamp(),1);
insert into recovery_information(ID,USER_ID,QUESTION,ANSWER,ENCRYPTED,CREATION_DATE,LAST_UPDATE_DATE,VERSION) VALUES (9045,9038,'What was the name of your primary school?','SAMPLE PRIMARY SCHOOL NAME',0,current_timestamp(),current_timestamp(),1);
insert into recovery_information(ID,USER_ID,QUESTION,ANSWER,ENCRYPTED,CREATION_DATE,LAST_UPDATE_DATE,VERSION) VALUES (9046,9039,'What is your father''s tribe?','SAMPLE FATHER''S TRIBE',0,current_timestamp(),current_timestamp(),1);
insert into recovery_information(ID,USER_ID,QUESTION,ANSWER,ENCRYPTED,CREATION_DATE,LAST_UPDATE_DATE,VERSION) VALUES (9047,9039,'What is your dream work?','SAMPLE DREAM WORK',0,current_timestamp(),current_timestamp(),1);
insert into recovery_information(ID,USER_ID,QUESTION,ANSWER,ENCRYPTED,CREATION_DATE,LAST_UPDATE_DATE,VERSION) VALUES (9048,9039,'What was the name of your primary school?','SAMPLE PRIMARY SCHOOL NAME',0,current_timestamp(),current_timestamp(),1);
insert into recovery_information(ID,USER_ID,QUESTION,ANSWER,ENCRYPTED,CREATION_DATE,LAST_UPDATE_DATE,VERSION) VALUES (9049,9040,'What is your father''s tribe?','SAMPLE FATHER''S TRIBE',0,current_timestamp(),current_timestamp(),1);
insert into recovery_information(ID,USER_ID,QUESTION,ANSWER,ENCRYPTED,CREATION_DATE,LAST_UPDATE_DATE,VERSION) VALUES (9050,9040,'What is your dream work?','SAMPLE DREAM WORK',0,current_timestamp(),current_timestamp(),1);
insert into recovery_information(ID,USER_ID,QUESTION,ANSWER,ENCRYPTED,CREATION_DATE,LAST_UPDATE_DATE,VERSION) VALUES (9051,9040,'What was the name of your primary school?','SAMPLE PRIMARY SCHOOL NAME',0,current_timestamp(),current_timestamp(),1);
insert into recovery_information(ID,USER_ID,QUESTION,ANSWER,ENCRYPTED,CREATION_DATE,LAST_UPDATE_DATE,VERSION) VALUES (9052,9041,'What is your father''s tribe?','SAMPLE FATHER''S TRIBE',0,current_timestamp(),current_timestamp(),1);
insert into recovery_information(ID,USER_ID,QUESTION,ANSWER,ENCRYPTED,CREATION_DATE,LAST_UPDATE_DATE,VERSION) VALUES (9053,9041,'What is your dream work?','SAMPLE DREAM WORK',0,current_timestamp(),current_timestamp(),1);
insert into recovery_information(ID,USER_ID,QUESTION,ANSWER,ENCRYPTED,CREATION_DATE,LAST_UPDATE_DATE,VERSION) VALUES (9054,9041,'What was the name of your primary school?','SAMPLE PRIMARY SCHOOL NAME',0,current_timestamp(),current_timestamp(),1);
insert into recovery_information(ID,USER_ID,QUESTION,ANSWER,ENCRYPTED,CREATION_DATE,LAST_UPDATE_DATE,VERSION) VALUES (9055,9042,'What is your father''s tribe?','SAMPLE FATHER''S TRIBE',0,current_timestamp(),current_timestamp(),1);
insert into recovery_information(ID,USER_ID,QUESTION,ANSWER,ENCRYPTED,CREATION_DATE,LAST_UPDATE_DATE,VERSION) VALUES (9056,9042,'What is your dream work?','SAMPLE DREAM WORK',0,current_timestamp(),current_timestamp(),1);
insert into recovery_information(ID,USER_ID,QUESTION,ANSWER,ENCRYPTED,CREATION_DATE,LAST_UPDATE_DATE,VERSION) VALUES (9057,9042,'What was the name of your primary school?','SAMPLE PRIMARY SCHOOL NAME',0,current_timestamp(),current_timestamp(),1);
insert into recovery_information(ID,USER_ID,QUESTION,ANSWER,ENCRYPTED,CREATION_DATE,LAST_UPDATE_DATE,VERSION) VALUES (9058,9043,'What is your father''s tribe?','SAMPLE FATHER''S TRIBE',0,current_timestamp(),current_timestamp(),1);
insert into recovery_information(ID,USER_ID,QUESTION,ANSWER,ENCRYPTED,CREATION_DATE,LAST_UPDATE_DATE,VERSION) VALUES (9059,9043,'What is your dream work?','SAMPLE DREAM WORK',0,current_timestamp(),current_timestamp(),1);
insert into recovery_information(ID,USER_ID,QUESTION,ANSWER,ENCRYPTED,CREATION_DATE,LAST_UPDATE_DATE,VERSION) VALUES (9060,9043,'What was the name of your primary school?','SAMPLE PRIMARY SCHOOL NAME',0,current_timestamp(),current_timestamp(),1);
insert into recovery_information(ID,USER_ID,QUESTION,ANSWER,ENCRYPTED,CREATION_DATE,LAST_UPDATE_DATE,VERSION) VALUES (9061,9044,'What is your father''s tribe?','SAMPLE FATHER''S TRIBE',0,current_timestamp(),current_timestamp(),1);
insert into recovery_information(ID,USER_ID,QUESTION,ANSWER,ENCRYPTED,CREATION_DATE,LAST_UPDATE_DATE,VERSION) VALUES (9062,9044,'What is your dream work?','SAMPLE DREAM WORK',0,current_timestamp(),current_timestamp(),1);
insert into recovery_information(ID,USER_ID,QUESTION,ANSWER,ENCRYPTED,CREATION_DATE,LAST_UPDATE_DATE,VERSION) VALUES (9063,9044,'What was the name of your primary school?','SAMPLE PRIMARY SCHOOL NAME',0,current_timestamp(),current_timestamp(),1);
insert into recovery_information(ID,USER_ID,QUESTION,ANSWER,ENCRYPTED,CREATION_DATE,LAST_UPDATE_DATE,VERSION) VALUES (9064,9045,'What is your father''s tribe?','SAMPLE FATHER''S TRIBE',0,current_timestamp(),current_timestamp(),1);
insert into recovery_information(ID,USER_ID,QUESTION,ANSWER,ENCRYPTED,CREATION_DATE,LAST_UPDATE_DATE,VERSION) VALUES (9065,9045,'What is your dream work?','SAMPLE DREAM WORK',0,current_timestamp(),current_timestamp(),1);
insert into recovery_information(ID,USER_ID,QUESTION,ANSWER,ENCRYPTED,CREATION_DATE,LAST_UPDATE_DATE,VERSION) VALUES (9066,9045,'What was the name of your primary school?','SAMPLE PRIMARY SCHOOL NAME',0,current_timestamp(),current_timestamp(),1);
insert into recovery_information(ID,USER_ID,QUESTION,ANSWER,ENCRYPTED,CREATION_DATE,LAST_UPDATE_DATE,VERSION) VALUES (9067,9046,'What is your father''s tribe?','SAMPLE FATHER''S TRIBE',0,current_timestamp(),current_timestamp(),1);
insert into recovery_information(ID,USER_ID,QUESTION,ANSWER,ENCRYPTED,CREATION_DATE,LAST_UPDATE_DATE,VERSION) VALUES (9068,9046,'What is your dream work?','SAMPLE DREAM WORK',0,current_timestamp(),current_timestamp(),1);
insert into recovery_information(ID,USER_ID,QUESTION,ANSWER,ENCRYPTED,CREATION_DATE,LAST_UPDATE_DATE,VERSION) VALUES (9069,9046,'What was the name of your primary school?','SAMPLE PRIMARY SCHOOL NAME',0,current_timestamp(),current_timestamp(),1);
insert into recovery_information(ID,USER_ID,QUESTION,ANSWER,ENCRYPTED,CREATION_DATE,LAST_UPDATE_DATE,VERSION) VALUES (9070,9047,'What is your father''s tribe?','SAMPLE FATHER''S TRIBE',0,current_timestamp(),current_timestamp(),1);
insert into recovery_information(ID,USER_ID,QUESTION,ANSWER,ENCRYPTED,CREATION_DATE,LAST_UPDATE_DATE,VERSION) VALUES (9071,9047,'What is your dream work?','SAMPLE DREAM WORK',0,current_timestamp(),current_timestamp(),1);
insert into recovery_information(ID,USER_ID,QUESTION,ANSWER,ENCRYPTED,CREATION_DATE,LAST_UPDATE_DATE,VERSION) VALUES (9072,9047,'What was the name of your primary school?','SAMPLE PRIMARY SCHOOL NAME',0,current_timestamp(),current_timestamp(),1);
insert into recovery_information(ID,USER_ID,QUESTION,ANSWER,ENCRYPTED,CREATION_DATE,LAST_UPDATE_DATE,VERSION) VALUES (9073,9048,'What is your father''s tribe?','SAMPLE FATHER''S TRIBE',0,current_timestamp(),current_timestamp(),1);
insert into recovery_information(ID,USER_ID,QUESTION,ANSWER,ENCRYPTED,CREATION_DATE,LAST_UPDATE_DATE,VERSION) VALUES (9074,9048,'What is your dream work?','SAMPLE DREAM WORK',0,current_timestamp(),current_timestamp(),1);
insert into recovery_information(ID,USER_ID,QUESTION,ANSWER,ENCRYPTED,CREATION_DATE,LAST_UPDATE_DATE,VERSION) VALUES (9075,9048,'What was the name of your primary school?','SAMPLE PRIMARY SCHOOL NAME',0,current_timestamp(),current_timestamp(),1);
insert into recovery_information(ID,USER_ID,QUESTION,ANSWER,ENCRYPTED,CREATION_DATE,LAST_UPDATE_DATE,VERSION) VALUES (9076,9049,'What is your father''s tribe?','SAMPLE FATHER''S TRIBE',0,current_timestamp(),current_timestamp(),1);
insert into recovery_information(ID,USER_ID,QUESTION,ANSWER,ENCRYPTED,CREATION_DATE,LAST_UPDATE_DATE,VERSION) VALUES (9077,9049,'What is your dream work?','SAMPLE DREAM WORK',0,current_timestamp(),current_timestamp(),1);
insert into recovery_information(ID,USER_ID,QUESTION,ANSWER,ENCRYPTED,CREATION_DATE,LAST_UPDATE_DATE,VERSION) VALUES (9078,9049,'What was the name of your primary school?','SAMPLE PRIMARY SCHOOL NAME',0,current_timestamp(),current_timestamp(),1);
insert into recovery_information(ID,USER_ID,QUESTION,ANSWER,ENCRYPTED,CREATION_DATE,LAST_UPDATE_DATE,VERSION) VALUES (9079,9050,'What is your father''s tribe?','SAMPLE FATHER''S TRIBE',0,current_timestamp(),current_timestamp(),1);
insert into recovery_information(ID,USER_ID,QUESTION,ANSWER,ENCRYPTED,CREATION_DATE,LAST_UPDATE_DATE,VERSION) VALUES (9080,9050,'What is your dream work?','SAMPLE DREAM WORK',0,current_timestamp(),current_timestamp(),1);
insert into recovery_information(ID,USER_ID,QUESTION,ANSWER,ENCRYPTED,CREATION_DATE,LAST_UPDATE_DATE,VERSION) VALUES (9081,9050,'What was the name of your primary school?','SAMPLE PRIMARY SCHOOL NAME',0,current_timestamp(),current_timestamp(),1);
insert into recovery_information(ID,USER_ID,QUESTION,ANSWER,ENCRYPTED,CREATION_DATE,LAST_UPDATE_DATE,VERSION) VALUES (9082,9053,'What was the name of your primary school?','SAMPLE PRIMARY SCHOOL NAME',0,current_timestamp(),current_timestamp(),1);
insert into recovery_information(ID,USER_ID,QUESTION,ANSWER,ENCRYPTED,CREATION_DATE,LAST_UPDATE_DATE,VERSION) VALUES (9083,9061,'What is your father''s tribe?','SAMPLE FATHER''S TRIBE',0,current_timestamp(),current_timestamp(),1);
insert into recovery_information(ID,USER_ID,QUESTION,ANSWER,ENCRYPTED,CREATION_DATE,LAST_UPDATE_DATE,VERSION) VALUES (9084,9062,'What is your father''s tribe?','SAMPLE FATHER''S TRIBE',0,current_timestamp(),current_timestamp(),1);
insert into recovery_information(ID,USER_ID,QUESTION,ANSWER,ENCRYPTED,CREATION_DATE,LAST_UPDATE_DATE,VERSION) VALUES (9085,9070,'What was the name of your primary school?','SAMPLE PRIMARY SCHOOL NAME',0,current_timestamp(),current_timestamp(),1);
insert into login_histories(USER_ID,HISTORY_ID,LOGIN_DATE) VALUES (9015,1,current_timestamp());
insert into login_histories(USER_ID,HISTORY_ID,LOGIN_DATE) VALUES (9020,1,current_timestamp());
insert into login_histories(USER_ID,HISTORY_ID,LOGIN_DATE) VALUES (9026,1,date_add(current_timestamp(),INTERVAL -1 DAY));
insert into login_histories(USER_ID,HISTORY_ID,LOGIN_DATE) VALUES (9039,1,current_timestamp());
insert into login_histories(USER_ID,HISTORY_ID,LOGIN_DATE) VALUES (9044,1,current_timestamp());
commit;