insert into applications(id,name,description,creation_date,last_update_date,version) values (9001,'Test Application 1','This application is used for testing.',current_timestamp(),current_timestamp(),1);
insert into applications(id,name,description,creation_date,last_update_date,version) values (9002,'Test Application 2','This application is also used for testing.',current_timestamp(),current_timestamp(),1);
insert into applications(id,name,description,creation_date,last_update_date,version) values (9003,'Test Application 3','This application is also used for testing.',current_timestamp(),current_timestamp(),1);
insert into applications(id,name,description,creation_date,last_update_date,version) values (9004,'Test Application 4','This application is also used for testing.',current_timestamp(),current_timestamp(),1);
insert into password_policies(id,max_age, max_length, min_special_chars_count, min_age, min_length, history_threshold, application_id,min_lowercase_chars_count,min_uppercase_chars_count,min_numeric_count,creation_date,last_update_date,version) values (9001,30, 25, 1, 0, 7, 10, 9001,1,1,1,current_timestamp(),current_timestamp(),1);
insert into password_policies(id,max_age, max_length, min_special_chars_count, min_age, min_length, history_threshold, application_id,min_lowercase_chars_count,min_uppercase_chars_count,min_numeric_count,creation_date,last_update_date,version) values (9002,30, 25, 1, 2, 7, 10, 9002,1,1,1,current_timestamp(),current_timestamp(),1);
insert into password_policies(id,max_age, max_length, min_special_chars_count, min_age, min_length, history_threshold, application_id,min_lowercase_chars_count,min_uppercase_chars_count,min_numeric_count,creation_date,last_update_date,version) values (9003,0, 25, 1, 2, 7, 10, 9003,1,1,1,current_timestamp(),current_timestamp(),1);
insert into password_policies(id,max_age, max_length, min_special_chars_count, min_age, min_length, history_threshold, application_id,min_lowercase_chars_count,min_uppercase_chars_count,min_numeric_count,creation_date,last_update_date,version) values (9004,0, 25, 1, 2, 7, 10, 9004,1,1,1,current_timestamp(),current_timestamp(),1);
insert into lockout_policies(id,application_id,duration,threshold,reset_time,attempt_window,creation_date,last_update_date,version) values (9001,9001,NULL,3,NULL,10,current_timestamp(),current_timestamp(),1);
insert into lockout_policies(id,application_id,duration,threshold,reset_time,attempt_window,creation_date,last_update_date,version) values (9002,9002,NULL,3,NULL,10,current_timestamp(),current_timestamp(),1);
insert into lockout_policies(id,application_id,duration,threshold,reset_time,attempt_window,creation_date,last_update_date,version) values (9003,9003,NULL,3,NULL,10,current_timestamp(),current_timestamp(),1);
insert into lockout_policies(id,application_id,duration,threshold,reset_time,attempt_window,creation_date,last_update_date,version) values (9004,9004,NULL,3,NULL,10,current_timestamp(),current_timestamp(),1);
insert into login_policies(id,application_id,threshold,creation_date,last_update_date,version) values (9001,9001,5,current_timestamp(),current_timestamp(),1);
insert into login_policies(id,application_id,threshold,creation_date,last_update_date,version) values (9002,9002,5,current_timestamp(),current_timestamp(),1);
insert into login_policies(id,application_id,threshold,creation_date,last_update_date,version) values (9003,9003,5,current_timestamp(),current_timestamp(),1);
insert into login_policies(id,application_id,threshold,creation_date,last_update_date,version) values (9004,9004,5,current_timestamp(),current_timestamp(),1);
insert into users(id,last_activity_date,user_name,application_id,creation_date,last_update_date,version) values (9001, '1754-01-01', 'sampleUser1', 9001,current_timestamp(),current_timestamp(),1);
insert into memberships(id,enabled,creation_date,description,failed_revry_atmpt_cnt,failed_revry_atmpt_win_start,failed_pwd_atmpt_cnt,failed_pwd_atmpt_win_start,last_lock_out_date,last_pwd_change_date,locked,password,user_id,encrypted,last_update_date,version) values (9001, 1, current_timestamp(), 'Description of membership', 0, '1754-01-01', 0, '1754-01-01', '1754-01-01', '1754-01-01', 0, '$2a$04$TTSabYo9subetYbdCh7zaujjq/mkCjnMex132CHOl3XoL83MK.FJe', 9001, 1, current_timestamp(), 1);
insert into users(id,last_activity_date,user_name,application_id,creation_date,last_update_date,version) values (9003, '1754-01-01', 'sampleUser2', 9001,current_timestamp(),current_timestamp(),1);
insert into memberships(id,enabled,creation_date,description,failed_revry_atmpt_cnt,failed_revry_atmpt_win_start,failed_pwd_atmpt_cnt,failed_pwd_atmpt_win_start,last_lock_out_date,last_pwd_change_date,locked,password,user_id,encrypted,last_update_date,version) values (9003, 1, current_timestamp(), 'Description of membership', 0, '1754-01-01', 0, '1754-01-01', '1754-01-01', '1754-01-01', 0, '$2a$04$TTSabYo9subetYbdCh7zaujjq/mkCjnMex132CHOl3XoL83MK.FJe', 9003, 1, current_timestamp(), 1);
insert into users(id,last_activity_date,user_name,application_id,creation_date,last_update_date,version) values (9004, '1754-01-01', 'sampleUser3', 9001,current_timestamp(),current_timestamp(),1);
insert into memberships(id,enabled,creation_date,description,failed_revry_atmpt_cnt,failed_revry_atmpt_win_start,failed_pwd_atmpt_cnt,failed_pwd_atmpt_win_start,last_lock_out_date,last_pwd_change_date,locked,password,user_id,encrypted,last_update_date,version) values (9004, 1, current_timestamp(), 'Description of membership', 0, '1754-01-01', 0, '1754-01-01', '1754-01-01', '1754-01-01', 0, '$2a$04$TTSabYo9subetYbdCh7zaujjq/mkCjnMex132CHOl3XoL83MK.FJe', 9004, 1, current_timestamp(), 1);
insert into users(id,last_activity_date,user_name,application_id,creation_date,last_update_date,version) values (9005, '1754-01-01', 'sampleUser4', 9001,current_timestamp(),current_timestamp(),1);
insert into memberships(id,enabled,creation_date,description,failed_revry_atmpt_cnt,failed_revry_atmpt_win_start,failed_pwd_atmpt_cnt,failed_pwd_atmpt_win_start,last_lock_out_date,last_pwd_change_date,locked,password,user_id,encrypted,last_update_date,version) values (9005, 1, current_timestamp(), 'Description of membership', 0, '1754-01-01', 0, '1754-01-01', '1754-01-01', '1754-01-01', 0, '$2a$04$TTSabYo9subetYbdCh7zaujjq/mkCjnMex132CHOl3XoL83MK.FJe', 9005, 1, current_timestamp(), 1);
insert into users(id,last_activity_date,user_name,application_id,creation_date,last_update_date,version) values (9006, '1754-01-01', 'sampleUser5', 9001,current_timestamp(),current_timestamp(),1);
insert into memberships(id,enabled,creation_date,description,failed_revry_atmpt_cnt,failed_revry_atmpt_win_start,failed_pwd_atmpt_cnt,failed_pwd_atmpt_win_start,last_lock_out_date,last_pwd_change_date,locked,password,user_id,encrypted,last_update_date,version) values (9006, 1, current_timestamp(), 'Description of membership', 0, '1754-01-01', 0, '1754-01-01', '1754-01-01', '1754-01-01', 0, '$2a$04$TTSabYo9subetYbdCh7zaujjq/mkCjnMex132CHOl3XoL83MK.FJe', 9006, 1, current_timestamp(), 1);
insert into users(id,last_activity_date,user_name,application_id,creation_date,last_update_date,version) values (9007, '1754-01-01', 'sampleUser6', 9001,current_timestamp(),current_timestamp(),1);
insert into memberships(id,enabled,creation_date,description,failed_revry_atmpt_cnt,failed_revry_atmpt_win_start,failed_pwd_atmpt_cnt,failed_pwd_atmpt_win_start,last_lock_out_date,last_pwd_change_date,locked,password,user_id,encrypted,last_update_date,version) values (9007, 1, current_timestamp(), 'Description of membership', 0, '1754-01-01', 0, '1754-01-01', '1754-01-01', '1754-01-01', 0, '$2a$04$TTSabYo9subetYbdCh7zaujjq/mkCjnMex132CHOl3XoL83MK.FJe', 9007, 1, current_timestamp(), 1);
insert into users(id,last_activity_date,user_name,application_id,creation_date,last_update_date,version) values (9008, '1754-01-01', 'sampleUser7', 9001,current_timestamp(),current_timestamp(),1);
insert into memberships(id,enabled,creation_date,description,failed_revry_atmpt_cnt,failed_revry_atmpt_win_start,failed_pwd_atmpt_cnt,failed_pwd_atmpt_win_start,last_lock_out_date,last_pwd_change_date,locked,password,user_id,encrypted,last_update_date,version) values (9008, 1, current_timestamp(), 'Description of membership', 0, '1754-01-01', 0, '1754-01-01', '1754-01-01', '1754-01-01', 0, '$2a$04$TTSabYo9subetYbdCh7zaujjq/mkCjnMex132CHOl3XoL83MK.FJe', 9008, 1, current_timestamp(), 1);
insert into users(id,last_activity_date,user_name,application_id,creation_date,last_update_date,version) values (9009, '1754-01-01', 'sampleUser8', 9001,current_timestamp(),current_timestamp(),1);
insert into memberships(id,enabled,creation_date,description,failed_revry_atmpt_cnt,failed_revry_atmpt_win_start,failed_pwd_atmpt_cnt,failed_pwd_atmpt_win_start,last_lock_out_date,last_pwd_change_date,locked,password,user_id,encrypted,last_update_date,version) values (9009, 1, current_timestamp(), 'Description of membership', 0, '1754-01-01', 0, '1754-01-01', '1754-01-01', '1754-01-01', 0, '$2a$04$TTSabYo9subetYbdCh7zaujjq/mkCjnMex132CHOl3XoL83MK.FJe', 9009, 1, current_timestamp(), 1);
insert into users(id,last_activity_date,user_name,application_id,creation_date,last_update_date,version) values (9010, '1754-01-01', 'sampleUser9', 9001,current_timestamp(),current_timestamp(),1);
insert into memberships(id,enabled,creation_date,description,failed_revry_atmpt_cnt,failed_revry_atmpt_win_start,failed_pwd_atmpt_cnt,failed_pwd_atmpt_win_start,last_lock_out_date,last_pwd_change_date,locked,password,user_id,encrypted,last_update_date,version) values (9010, 1, current_timestamp(), 'Description of membership', 0, '1754-01-01', 0, '1754-01-01', '1754-01-01', '1754-01-01', 0, '$2a$04$TTSabYo9subetYbdCh7zaujjq/mkCjnMex132CHOl3XoL83MK.FJe', 9010, 1, current_timestamp(), 1);
insert into users(id,last_activity_date,user_name,application_id,creation_date,last_update_date,version) values (9011, '1754-01-01', 'sampleUser10', 9001,current_timestamp(),current_timestamp(),1);
insert into memberships(id,enabled,creation_date,description,failed_revry_atmpt_cnt,failed_revry_atmpt_win_start,failed_pwd_atmpt_cnt,failed_pwd_atmpt_win_start,last_lock_out_date,last_pwd_change_date,locked,password,user_id,encrypted,last_update_date,version) values (9011, 1, current_timestamp(), 'Description of membership', 0, '1754-01-01', 0, '1754-01-01', '1754-01-01', '1754-01-01', 0, '$2a$04$TTSabYo9subetYbdCh7zaujjq/mkCjnMex132CHOl3XoL83MK.FJe', 9011, 1, current_timestamp(), 1);
insert into users(id,last_activity_date,user_name,application_id,creation_date,last_update_date,version) values (9012, '1754-01-01', 'sampleUser11', 9001,current_timestamp(),current_timestamp(),1);
insert into memberships(id,enabled,creation_date,description,failed_revry_atmpt_cnt,failed_revry_atmpt_win_start,failed_pwd_atmpt_cnt,failed_pwd_atmpt_win_start,last_lock_out_date,last_pwd_change_date,locked,password,user_id,encrypted,last_update_date,version) values (9012, 1, current_timestamp(), 'Description of membership', 0, '1754-01-01', 0, '1754-01-01', '1754-01-01', '1754-01-01', 1, '$2a$04$TTSabYo9subetYbdCh7zaujjq/mkCjnMex132CHOl3XoL83MK.FJe', 9012, 1, current_timestamp(), 1);
insert into users(id,last_activity_date,user_name,application_id,creation_date,last_update_date,version) values (9013, '1754-01-01', 'sampleUser12', 9001,current_timestamp(),current_timestamp(),1);
insert into memberships(id,enabled,creation_date,description,failed_revry_atmpt_cnt,failed_revry_atmpt_win_start,failed_pwd_atmpt_cnt,failed_pwd_atmpt_win_start,last_lock_out_date,last_pwd_change_date,locked,password,user_id,encrypted,last_update_date,version) values (9013, 1, current_timestamp(), 'Description of membership', 0, '1754-01-01', 0, '1754-01-01', '1754-01-01', '1754-01-01', 0, '$2a$04$TTSabYo9subetYbdCh7zaujjq/mkCjnMex132CHOl3XoL83MK.FJe', 9013, 1, current_timestamp(), 1);
insert into users(id,last_activity_date,user_name,application_id,creation_date,last_update_date,version) values (9014, '1754-01-01', 'sampleUser13', 9001,current_timestamp(),current_timestamp(),1);
insert into memberships(id,enabled,creation_date,description,failed_revry_atmpt_cnt,failed_revry_atmpt_win_start,failed_pwd_atmpt_cnt,failed_pwd_atmpt_win_start,last_lock_out_date,last_pwd_change_date,locked,password,user_id,encrypted,last_update_date,version) values (9014, 0, current_timestamp(), 'Description of membership', 0, '1754-01-01', 0, '1754-01-01', '1754-01-01', '1754-01-01', 0, '$2a$04$TTSabYo9subetYbdCh7zaujjq/mkCjnMex132CHOl3XoL83MK.FJe', 9014, 1, current_timestamp(), 1);
insert into users(id,last_activity_date,user_name,application_id,creation_date,last_update_date,version) values (9015, '1754-01-01', 'sampleUser14', 9001,current_timestamp(),current_timestamp(),1);
insert into memberships(id,enabled,creation_date,description,failed_revry_atmpt_cnt,failed_revry_atmpt_win_start,failed_pwd_atmpt_cnt,failed_pwd_atmpt_win_start,last_lock_out_date,last_pwd_change_date,locked,password,user_id,encrypted,last_update_date,version) values (9015, 1, current_timestamp(), 'Description of membership', 0, '1754-01-01', 0, '1754-01-01', '1754-01-01', current_timestamp(), 0, '$2a$04$TTSabYo9subetYbdCh7zaujjq/mkCjnMex132CHOl3XoL83MK.FJe', 9015, 1, current_timestamp(), 1);
insert into users(id,last_activity_date,user_name,application_id,creation_date,last_update_date,version) values (9016, '1754-01-01', 'sampleUser15', 9001,current_timestamp(),current_timestamp(),1);
insert into memberships(id,enabled,creation_date,description,failed_revry_atmpt_cnt,failed_revry_atmpt_win_start,failed_pwd_atmpt_cnt,failed_pwd_atmpt_win_start,last_lock_out_date,last_pwd_change_date,locked,password,user_id,encrypted,last_update_date,version) values (9016, 1, current_timestamp(), 'Description of membership', 0, '1754-01-01', 0, '1754-01-01', '1754-01-01', '1754-01-01', 0, '$2a$04$TTSabYo9subetYbdCh7zaujjq/mkCjnMex132CHOl3XoL83MK.FJe', 9016, 1, current_timestamp(), 1);
insert into users(id,last_activity_date,user_name,application_id,creation_date,last_update_date,version) values (9017, '1754-01-01', 'sampleUser16', 9001,current_timestamp(),current_timestamp(),1);
insert into memberships(id,enabled,creation_date,description,failed_revry_atmpt_cnt,failed_revry_atmpt_win_start,failed_pwd_atmpt_cnt,failed_pwd_atmpt_win_start,last_lock_out_date,last_pwd_change_date,locked,password,user_id,encrypted,last_update_date,version) values (9017, 1, current_timestamp(), 'Description of membership', 0, '1754-01-01', 0, '1754-01-01', '1754-01-01', '1754-01-01', 0, '$2a$04$TTSabYo9subetYbdCh7zaujjq/mkCjnMex132CHOl3XoL83MK.FJe', 9017, 1, current_timestamp(), 1);
insert into users(id,last_activity_date,user_name,application_id,creation_date,last_update_date,version) values (9018, '1754-01-01', 'sampleUser17', 9001,current_timestamp(),current_timestamp(),1);
insert into memberships(id,enabled,creation_date,description,failed_revry_atmpt_cnt,failed_revry_atmpt_win_start,failed_pwd_atmpt_cnt,failed_pwd_atmpt_win_start,last_lock_out_date,last_pwd_change_date,locked,password,user_id,encrypted,last_update_date,version) values (9018, 1, current_timestamp(), 'Description of membership', 0, '1754-01-01', 0, '1754-01-01', '1754-01-01', '1754-01-01', 1, '$2a$04$TTSabYo9subetYbdCh7zaujjq/mkCjnMex132CHOl3XoL83MK.FJe', 9018, 1, current_timestamp(), 1);
insert into users(id,last_activity_date,user_name,application_id,creation_date,last_update_date,version) values (9019, '1754-01-01', 'sampleUser18', 9001,current_timestamp(),current_timestamp(),1);
insert into memberships(id,enabled,creation_date,description,failed_revry_atmpt_cnt,failed_revry_atmpt_win_start,failed_pwd_atmpt_cnt,failed_pwd_atmpt_win_start,last_lock_out_date,last_pwd_change_date,locked,password,user_id,encrypted,last_update_date,version) values (9019, 0, current_timestamp(), 'Description of membership', 0, '1754-01-01', 0, '1754-01-01', '1754-01-01', '1754-01-01', 0, '$2a$04$TTSabYo9subetYbdCh7zaujjq/mkCjnMex132CHOl3XoL83MK.FJe', 9019, 1, current_timestamp(), 1);
insert into users(id,last_activity_date,user_name,application_id,creation_date,last_update_date,version) values (9020, '1754-01-01', 'sampleUser19', 9001,current_timestamp(),current_timestamp(),1);
insert into memberships(id,enabled,creation_date,description,failed_revry_atmpt_cnt,failed_revry_atmpt_win_start,failed_pwd_atmpt_cnt,failed_pwd_atmpt_win_start,last_lock_out_date,last_pwd_change_date,locked,password,user_id,encrypted,last_update_date,version) values (9020, 1, current_timestamp(), 'Description of membership', 0, '1754-01-01', 0, '1754-01-01', '1754-01-01', current_timestamp(), 1, '$2a$04$TTSabYo9subetYbdCh7zaujjq/mkCjnMex132CHOl3XoL83MK.FJe', 9020, 1, current_timestamp(), 1);
insert into users(id,last_activity_date,user_name,application_id,creation_date,last_update_date,version) values (9021, '1754-01-01', 'sampleUser20', 9001,current_timestamp(),current_timestamp(),1);
insert into memberships(id,enabled,creation_date,description,failed_revry_atmpt_cnt,failed_revry_atmpt_win_start,failed_pwd_atmpt_cnt,failed_pwd_atmpt_win_start,last_lock_out_date,last_pwd_change_date,locked,password,user_id,encrypted,last_update_date,version) values (9021, 1, current_timestamp(), 'Description of membership', 0, '1754-01-01', 0, '1754-01-01', '1754-01-01', '1754-01-01', 0, '$2a$04$TTSabYo9subetYbdCh7zaujjq/mkCjnMex132CHOl3XoL83MK.FJe', 9021, 1, current_timestamp(), 1);
insert into users(id,last_activity_date,user_name,application_id,creation_date,last_update_date,version) values (9022, '1754-01-01', 'sampleUser21', 9001,current_timestamp(),current_timestamp(),1);
insert into memberships(id,enabled,creation_date,description,failed_revry_atmpt_cnt,failed_revry_atmpt_win_start,failed_pwd_atmpt_cnt,failed_pwd_atmpt_win_start,last_lock_out_date,last_pwd_change_date,locked,password,user_id,encrypted,last_update_date,version) values (9022, 1, current_timestamp(), 'Description of membership', 0, '1754-01-01', 0, '1754-01-01', '1754-01-01', '1754-01-01', 0, '$2a$04$TTSabYo9subetYbdCh7zaujjq/mkCjnMex132CHOl3XoL83MK.FJe', 9022, 1, current_timestamp(), 1);
insert into users(id,last_activity_date,user_name,application_id,creation_date,last_update_date,version) values (9023, '1754-01-01', 'sampleUser22', 9001,current_timestamp(),current_timestamp(),1);
insert into memberships(id,enabled,creation_date,description,failed_revry_atmpt_cnt,failed_revry_atmpt_win_start,failed_pwd_atmpt_cnt,failed_pwd_atmpt_win_start,last_lock_out_date,last_pwd_change_date,locked,password,user_id,encrypted,last_update_date,version) values (9023, 1, current_timestamp(), 'Description of membership', 0, '1754-01-01', 0, '1754-01-01', '1754-01-01', '1754-01-01', 0, '$2a$04$TTSabYo9subetYbdCh7zaujjq/mkCjnMex132CHOl3XoL83MK.FJe', 9023, 1, current_timestamp(), 1);
insert into users(id,last_activity_date,user_name,application_id,creation_date,last_update_date,version) values (9024, '1754-01-01', 'sampleUser23', 9001,current_timestamp(),current_timestamp(),1);
insert into memberships(id,enabled,creation_date,description,failed_revry_atmpt_cnt,failed_revry_atmpt_win_start,failed_pwd_atmpt_cnt,failed_pwd_atmpt_win_start,last_lock_out_date,last_pwd_change_date,locked,password,user_id,encrypted,last_update_date,version) values (9024, 1, current_timestamp(), 'Description of membership', 0, '1754-01-01', 0, '1754-01-01', '1754-01-01', '1754-01-01', 0, '$2a$04$TTSabYo9subetYbdCh7zaujjq/mkCjnMex132CHOl3XoL83MK.FJe', 9024, 1, current_timestamp(), 1);
insert into users(id,last_activity_date,user_name,application_id,creation_date,last_update_date,version) values (9025, '1754-01-01', 'sampleUser24', 9001,current_timestamp(),current_timestamp(),1);
insert into memberships(id,enabled,creation_date,description,failed_revry_atmpt_cnt,failed_revry_atmpt_win_start,failed_pwd_atmpt_cnt,failed_pwd_atmpt_win_start,last_lock_out_date,last_pwd_change_date,locked,password,user_id,encrypted,last_update_date,version) values (9025, 1, current_timestamp(), 'Description of membership', 0, '1754-01-01', 0, '1754-01-01', '1754-01-01', '1754-01-01', 0, '$2a$04$TTSabYo9subetYbdCh7zaujjq/mkCjnMex132CHOl3XoL83MK.FJe', 9025, 1, current_timestamp(), 1);
insert into users(id,last_activity_date,user_name,application_id,creation_date,last_update_date,version) values (9026, date_add(current_timestamp(),INTERVAL -1 DAY), 'sampleUser25', 9001,current_timestamp(),current_timestamp(),1);
insert into memberships(id,enabled,creation_date,description,failed_revry_atmpt_cnt,failed_revry_atmpt_win_start,failed_pwd_atmpt_cnt,failed_pwd_atmpt_win_start,last_lock_out_date,last_pwd_change_date,locked,password,user_id,encrypted,last_update_date,version) values (9026, 1, date_add(current_timestamp(),INTERVAL -2 DAY), 'Description of membership', 0, '1754-01-01', 0, '1754-01-01', '1754-01-01', date_add(current_timestamp(),INTERVAL -1 DAY), 0, '$2a$04$TTSabYo9subetYbdCh7zaujjq/mkCjnMex132CHOl3XoL83MK.FJe', 9026, 1, current_timestamp(), 1);
insert into users(id,last_activity_date,user_name,application_id,creation_date,last_update_date,version) values (9027, '1754-01-01', 'sampleUser26', 9002,current_timestamp(),current_timestamp(),1);
insert into memberships(id,enabled,creation_date,description,failed_revry_atmpt_cnt,failed_revry_atmpt_win_start,failed_pwd_atmpt_cnt,failed_pwd_atmpt_win_start,last_lock_out_date,last_pwd_change_date,locked,password,user_id,encrypted,last_update_date,version) values (9027, 1, current_timestamp(), 'Description of membership', 0, '1754-01-01', 0, '1754-01-01', '1754-01-01', '1754-01-01', 0, '$2a$04$TTSabYo9subetYbdCh7zaujjq/mkCjnMex132CHOl3XoL83MK.FJe', 9027, 1, current_timestamp(), 1);
insert into users(id,last_activity_date,user_name,application_id,creation_date,last_update_date,version) values (9028, date_add(current_timestamp(),INTERVAL -1 DAY), 'sampleUser27', 9002,current_timestamp(),current_timestamp(),1);
insert into memberships(id,enabled,creation_date,description,failed_revry_atmpt_cnt,failed_revry_atmpt_win_start,failed_pwd_atmpt_cnt,failed_pwd_atmpt_win_start,last_lock_out_date,last_pwd_change_date,locked,password,user_id,encrypted,last_update_date,version) values (9028, 1, date_add(current_timestamp(),INTERVAL -2 DAY), 'Description of membership', 0, '1754-01-01', 0, '1754-01-01', '1754-01-01', date_add(current_timestamp(),INTERVAL -1 DAY), 0, '$2a$04$TTSabYo9subetYbdCh7zaujjq/mkCjnMex132CHOl3XoL83MK.FJe', 9028, 1, current_timestamp(), 1);
insert into users(id,last_activity_date,user_name,application_id,creation_date,last_update_date,version) values (9029, '1754-01-01', 'sampleUser28', 9001,current_timestamp(),current_timestamp(),1);
insert into memberships(id,enabled,creation_date,description,failed_revry_atmpt_cnt,failed_revry_atmpt_win_start,failed_pwd_atmpt_cnt,failed_pwd_atmpt_win_start,last_lock_out_date,last_pwd_change_date,locked,password,user_id,encrypted,last_update_date,version) values (9029, 1, current_timestamp(), 'Description of membership', 0, '1754-01-01', 0, '1754-01-01', '1754-01-01', '1754-01-01', 0, '$2a$04$TTSabYo9subetYbdCh7zaujjq/mkCjnMex132CHOl3XoL83MK.FJe', 9029, 1, current_timestamp(), 1);
insert into users(id,last_activity_date,user_name,application_id,creation_date,last_update_date,version) values (9030, '1754-01-01', 'sampleUser29', 9001,current_timestamp(),current_timestamp(),1);
insert into memberships(id,enabled,creation_date,description,failed_revry_atmpt_cnt,failed_revry_atmpt_win_start,failed_pwd_atmpt_cnt,failed_pwd_atmpt_win_start,last_lock_out_date,last_pwd_change_date,locked,password,user_id,encrypted,last_update_date,version) values (9030, 1, current_timestamp(), 'Description of membership', 0, '1754-01-01', 0, '1754-01-01', '1754-01-01', '1754-01-01', 0, '$2a$04$TTSabYo9subetYbdCh7zaujjq/mkCjnMex132CHOl3XoL83MK.FJe', 9030, 1, current_timestamp(), 1);
insert into users(id,last_activity_date,user_name,application_id,creation_date,last_update_date,version) values (9031, '1754-01-01', 'sampleUser30', 9001,current_timestamp(),current_timestamp(),1);
insert into users(id,last_activity_date,user_name,application_id,creation_date,last_update_date,version) values (9032, '1754-01-01', 'sampleUser31', 9001,current_timestamp(),current_timestamp(),1);
insert into memberships(id,enabled,creation_date,description,failed_revry_atmpt_cnt,failed_revry_atmpt_win_start,failed_pwd_atmpt_cnt,failed_pwd_atmpt_win_start,last_lock_out_date,last_pwd_change_date,locked,password,user_id,encrypted,last_update_date,version) values (9032, 1, current_timestamp(), 'Description of membership', 0, '1754-01-01', 0, '1754-01-01', '1754-01-01', '1754-01-01', 0, '$2a$04$TTSabYo9subetYbdCh7zaujjq/mkCjnMex132CHOl3XoL83MK.FJe', 9032, 1, current_timestamp(), 1);
insert into users(id,last_activity_date,user_name,application_id,creation_date,last_update_date,version) values (9033, '1754-01-01', 'sampleUser32', 9003,current_timestamp(),current_timestamp(),1);
insert into memberships(id,enabled,creation_date,description,failed_revry_atmpt_cnt,failed_revry_atmpt_win_start,failed_pwd_atmpt_cnt,failed_pwd_atmpt_win_start,last_lock_out_date,last_pwd_change_date,locked,password,user_id,encrypted,last_update_date,version) values (9033, 1, current_timestamp(), 'Description of membership', 0, '1754-01-01', 0, '1754-01-01', '1754-01-01', '1754-01-01', 0, '$2a$04$TTSabYo9subetYbdCh7zaujjq/mkCjnMex132CHOl3XoL83MK.FJe', 9033, 1, current_timestamp(), 1);
insert into users(id,last_activity_date,user_name,application_id,creation_date,last_update_date,version) values (9034, '1754-01-01', 'sampleUser33', 9003,current_timestamp(),current_timestamp(),1);
insert into memberships(id,enabled,creation_date,description,failed_revry_atmpt_cnt,failed_revry_atmpt_win_start,failed_pwd_atmpt_cnt,failed_pwd_atmpt_win_start,last_lock_out_date,last_pwd_change_date,locked,password,user_id,encrypted,last_update_date,version) values (9034, 1, current_timestamp(), 'Description of membership', 0, '1754-01-01', 0, '1754-01-01', '1754-01-01', '1754-01-01', 0, '$2a$04$TTSabYo9subetYbdCh7zaujjq/mkCjnMex132CHOl3XoL83MK.FJe', 9034, 1, current_timestamp(), 1);
insert into users(id,last_activity_date,user_name,application_id,creation_date,last_update_date,version) values (9035, '1754-01-01', 'sampleUser34', 9003,current_timestamp(),current_timestamp(),1);
insert into memberships(id,enabled,creation_date,description,failed_revry_atmpt_cnt,failed_revry_atmpt_win_start,failed_pwd_atmpt_cnt,failed_pwd_atmpt_win_start,last_lock_out_date,last_pwd_change_date,locked,password,user_id,encrypted,last_update_date,version) values (9035, 1, current_timestamp(), 'Description of membership', 0, '1754-01-01', 0, '1754-01-01', '1754-01-01', '1754-01-01', 0, '$2a$04$TTSabYo9subetYbdCh7zaujjq/mkCjnMex132CHOl3XoL83MK.FJe', 9035, 1, current_timestamp(), 1);
insert into users(id,last_activity_date,user_name,application_id,creation_date,last_update_date,version) values (9036, '1754-01-01', 'sampleUser35', 9003,current_timestamp(),current_timestamp(),1);
insert into users(id,last_activity_date,user_name,application_id,creation_date,last_update_date,version) values (9037, '1754-01-01', 'sampleUser36', 9003,current_timestamp(),current_timestamp(),1);
insert into memberships(id,enabled,creation_date,description,failed_revry_atmpt_cnt,failed_revry_atmpt_win_start,failed_pwd_atmpt_cnt,failed_pwd_atmpt_win_start,last_lock_out_date,last_pwd_change_date,locked,password,user_id,encrypted,last_update_date,version) values (9037, 1, current_timestamp(), 'Description of membership', 0, '1754-01-01', 0, '1754-01-01', '1754-01-01', '1754-01-01', 0, '$2a$04$TTSabYo9subetYbdCh7zaujjq/mkCjnMex132CHOl3XoL83MK.FJe', 9037, 1, current_timestamp(), 1);
insert into users(id,last_activity_date,user_name,application_id,creation_date,last_update_date,version) values (9038, '1754-01-01', 'sampleUser37', 9003,current_timestamp(),current_timestamp(),1);
insert into memberships(id,enabled,creation_date,description,failed_revry_atmpt_cnt,failed_revry_atmpt_win_start,failed_pwd_atmpt_cnt,failed_pwd_atmpt_win_start,last_lock_out_date,last_pwd_change_date,locked,password,user_id,encrypted,last_update_date,version) values (9038, 1, current_timestamp(), 'Description of membership', 0, '1754-01-01', 0, '1754-01-01', '1754-01-01', '1754-01-01', 0, '$2a$04$TTSabYo9subetYbdCh7zaujjq/mkCjnMex132CHOl3XoL83MK.FJe', 9038, 1, current_timestamp(), 1);
insert into users(id,last_activity_date,user_name,application_id,creation_date,last_update_date,version) values (9039, '1754-01-01', 'sampleUser38', 9003,current_timestamp(),current_timestamp(),1);
insert into memberships(id,enabled,creation_date,description,failed_revry_atmpt_cnt,failed_revry_atmpt_win_start,failed_pwd_atmpt_cnt,failed_pwd_atmpt_win_start,last_lock_out_date,last_pwd_change_date,locked,password,user_id,encrypted,last_update_date,version) values (9039, 1, current_timestamp(), 'Description of membership', 0, '1754-01-01', 0, '1754-01-01', '1754-01-01', current_timestamp(), 1, '$2a$04$TTSabYo9subetYbdCh7zaujjq/mkCjnMex132CHOl3XoL83MK.FJe', 9039, 1, current_timestamp(), 1);
insert into users(id,last_activity_date,user_name,application_id,creation_date,last_update_date,version) values (9040, '1754-01-01', 'sampleUser39', 9003,current_timestamp(),current_timestamp(),1);
insert into memberships(id,enabled,creation_date,description,failed_revry_atmpt_cnt,failed_revry_atmpt_win_start,failed_pwd_atmpt_cnt,failed_pwd_atmpt_win_start,last_lock_out_date,last_pwd_change_date,locked,password,user_id,encrypted,last_update_date,version) values (9040, 0, current_timestamp(), 'Description of membership', 0, '1754-01-01', 0, '1754-01-01', '1754-01-01', '1754-01-01', 0, '$2a$04$TTSabYo9subetYbdCh7zaujjq/mkCjnMex132CHOl3XoL83MK.FJe', 9040, 1, current_timestamp(), 1);
insert into users(id,last_activity_date,user_name,application_id,creation_date,last_update_date,version) values (9041, '1754-01-01', 'sampleUser40', 9003,current_timestamp(),current_timestamp(),1);
insert into memberships(id,enabled,creation_date,description,failed_revry_atmpt_cnt,failed_revry_atmpt_win_start,failed_pwd_atmpt_cnt,failed_pwd_atmpt_win_start,last_lock_out_date,last_pwd_change_date,locked,password,user_id,encrypted,last_update_date,version) values (9041, 1, current_timestamp(), 'Description of membership', 0, '1754-01-01', 0, '1754-01-01', '1754-01-01', '1754-01-01', 0, '$2a$04$TTSabYo9subetYbdCh7zaujjq/mkCjnMex132CHOl3XoL83MK.FJe', 9041, 1, current_timestamp(), 1);
insert into users(id,last_activity_date,user_name,application_id,creation_date,last_update_date,version) values (9042, '1754-01-01', 'sampleUser41', 9003,current_timestamp(),current_timestamp(),1);
insert into memberships(id,enabled,creation_date,description,failed_revry_atmpt_cnt,failed_revry_atmpt_win_start,failed_pwd_atmpt_cnt,failed_pwd_atmpt_win_start,last_lock_out_date,last_pwd_change_date,locked,password,user_id,encrypted,last_update_date,version) values (9042, 1, current_timestamp(), 'Description of membership', 0, '1754-01-01', 0, '1754-01-01', '1754-01-01', '1754-01-01', 0, '$2a$04$TTSabYo9subetYbdCh7zaujjq/mkCjnMex132CHOl3XoL83MK.FJe', 9042, 1, current_timestamp(), 1);
insert into users(id,last_activity_date,user_name,application_id,creation_date,last_update_date,version) values (9043, '1754-01-01', 'sampleUser42', 9001,current_timestamp(),current_timestamp(),1);
insert into memberships(id,enabled,creation_date,description,failed_revry_atmpt_cnt,failed_revry_atmpt_win_start,failed_pwd_atmpt_cnt,failed_pwd_atmpt_win_start,last_lock_out_date,last_pwd_change_date,locked,password,user_id,encrypted,last_update_date,version) values (9043, 1, current_timestamp(), 'Description of membership', 0, '1754-01-01', 0, '1754-01-01', '1754-01-01', '1754-01-01', 0, '$2a$04$TTSabYo9subetYbdCh7zaujjq/mkCjnMex132CHOl3XoL83MK.FJe', 9043, 1, current_timestamp(), 1);
insert into users(id,last_activity_date,user_name,application_id,creation_date,last_update_date,version) values (9044, '1754-01-01', 'sampleUser43', 9003,current_timestamp(),current_timestamp(),1);
insert into memberships(id,enabled,creation_date,description,failed_revry_atmpt_cnt,failed_revry_atmpt_win_start,failed_pwd_atmpt_cnt,failed_pwd_atmpt_win_start,last_lock_out_date,last_pwd_change_date,locked,password,user_id,encrypted,last_update_date,version) values (9044, 1, current_timestamp(), 'Description of membership', 0, '1754-01-01', 0, '1754-01-01', '1754-01-01', current_timestamp(), 1, '$2a$04$TTSabYo9subetYbdCh7zaujjq/mkCjnMex132CHOl3XoL83MK.FJe', 9044, 1, current_timestamp(), 1);
insert into users(id,last_activity_date,user_name,application_id,creation_date,last_update_date,version) values (9045, '1754-01-01', 'sampleUser44', 9003,current_timestamp(),current_timestamp(),1);
insert into memberships(id,enabled,creation_date,description,failed_revry_atmpt_cnt,failed_revry_atmpt_win_start,failed_pwd_atmpt_cnt,failed_pwd_atmpt_win_start,last_lock_out_date,last_pwd_change_date,locked,password,user_id,encrypted,last_update_date,version) values (9045, 0, current_timestamp(), 'Description of membership', 0, '1754-01-01', 0, '1754-01-01', '1754-01-01', '1754-01-01', 0, '$2a$04$TTSabYo9subetYbdCh7zaujjq/mkCjnMex132CHOl3XoL83MK.FJe', 9045, 1, current_timestamp(), 1);
insert into users(id,last_activity_date,user_name,application_id,creation_date,last_update_date,version) values (9046, '1754-01-01', 'sampleUser45', 9003,current_timestamp(),current_timestamp(),1);
insert into memberships(id,enabled,creation_date,description,failed_revry_atmpt_cnt,failed_revry_atmpt_win_start,failed_pwd_atmpt_cnt,failed_pwd_atmpt_win_start,last_lock_out_date,last_pwd_change_date,locked,password,user_id,encrypted,last_update_date,version) values (9046, 1, current_timestamp(), 'Description of membership', 0, '1754-01-01', 0, '1754-01-01', '1754-01-01', '1754-01-01', 0, '$2a$04$TTSabYo9subetYbdCh7zaujjq/mkCjnMex132CHOl3XoL83MK.FJe', 9046, 1, current_timestamp(), 1);
insert into users(id,last_activity_date,user_name,application_id,creation_date,last_update_date,version) values (9047, '1754-01-01', 'sampleUser46', 9003,current_timestamp(),current_timestamp(),1);
insert into memberships(id,enabled,creation_date,description,failed_revry_atmpt_cnt,failed_revry_atmpt_win_start,failed_pwd_atmpt_cnt,failed_pwd_atmpt_win_start,last_lock_out_date,last_pwd_change_date,locked,password,user_id,encrypted,last_update_date,version) values (9047, 1, current_timestamp(), 'Description of membership', 0, '1754-01-01', 0, '1754-01-01', '1754-01-01', '1754-01-01', 0, '$2a$04$TTSabYo9subetYbdCh7zaujjq/mkCjnMex132CHOl3XoL83MK.FJe', 9047, 1, current_timestamp(), 1);
insert into users(id,last_activity_date,user_name,application_id,creation_date,last_update_date,version) values (9048, '1754-01-01', 'sampleUser47', 9001,current_timestamp(),current_timestamp(),1);
insert into memberships(id,enabled,creation_date,description,failed_revry_atmpt_cnt,failed_revry_atmpt_win_start,failed_pwd_atmpt_cnt,failed_pwd_atmpt_win_start,last_lock_out_date,last_pwd_change_date,locked,password,user_id,encrypted,last_update_date,version) values (9048, 1, current_timestamp(), 'Description of membership', 0, '1754-01-01', 0, '1754-01-01', '1754-01-01', '1754-01-01', 0, '$2a$04$TTSabYo9subetYbdCh7zaujjq/mkCjnMex132CHOl3XoL83MK.FJe', 9048, 1, current_timestamp(), 1);
insert into users(id,last_activity_date,user_name,application_id,creation_date,last_update_date,version) values (9049, '1754-01-01', 'sampleUser48', 9004,current_timestamp(),current_timestamp(),1);
insert into memberships(id,enabled,creation_date,description,failed_revry_atmpt_cnt,failed_revry_atmpt_win_start,failed_pwd_atmpt_cnt,failed_pwd_atmpt_win_start,last_lock_out_date,last_pwd_change_date,locked,password,user_id,encrypted,last_update_date,version) values (9049, 1, current_timestamp(), 'Description of membership', 0, '1754-01-01', 0, '1754-01-01', '1754-01-01', '1754-01-01', 0, '$2a$04$TTSabYo9subetYbdCh7zaujjq/mkCjnMex132CHOl3XoL83MK.FJe', 9049, 1, current_timestamp(), 1);
insert into users(id,last_activity_date,user_name,application_id,creation_date,last_update_date,version) values (9050, '1754-01-01', 'sampleUser49', 9004,current_timestamp(),current_timestamp(),1);
insert into memberships(id,enabled,creation_date,description,failed_revry_atmpt_cnt,failed_revry_atmpt_win_start,failed_pwd_atmpt_cnt,failed_pwd_atmpt_win_start,last_lock_out_date,last_pwd_change_date,locked,password,user_id,encrypted,last_update_date,version) values (9050, 1, current_timestamp(), 'Description of membership', 0, '1754-01-01', 0, '1754-01-01', '1754-01-01', '1754-01-01', 0, '$2a$04$TTSabYo9subetYbdCh7zaujjq/mkCjnMex132CHOl3XoL83MK.FJe', 9050, 1, current_timestamp(), 1);
insert into users(id,last_activity_date,user_name,application_id,creation_date,last_update_date,version) values (9051, '1754-01-01', 'sampleUser50', 9004,current_timestamp(),current_timestamp(),1);
insert into users(id,last_activity_date,user_name,application_id,creation_date,last_update_date,version) values (9052, '1754-01-01', 'sampleUser51', 9003,current_timestamp(),current_timestamp(),1);
insert into memberships(id,enabled,creation_date,description,failed_revry_atmpt_cnt,failed_revry_atmpt_win_start,failed_pwd_atmpt_cnt,failed_pwd_atmpt_win_start,last_lock_out_date,last_pwd_change_date,locked,password,user_id,encrypted,last_update_date,version) values (9052, 1, current_timestamp(), 'Description of membership', 0, '1754-01-01', 0, '1754-01-01', '1754-01-01', '1754-01-01', 0, '$2a$04$TTSabYo9subetYbdCh7zaujjq/mkCjnMex132CHOl3XoL83MK.FJe', 9052, 1, current_timestamp(), 1);
insert into users(id,last_activity_date,user_name,application_id,creation_date,last_update_date,version) values (9053, '1754-01-01', 'sampleUser52', 9003,current_timestamp(),current_timestamp(),1);
insert into memberships(id,enabled,creation_date,description,failed_revry_atmpt_cnt,failed_revry_atmpt_win_start,failed_pwd_atmpt_cnt,failed_pwd_atmpt_win_start,last_lock_out_date,last_pwd_change_date,locked,password,user_id,encrypted,last_update_date,version) values (9053, 1, current_timestamp(), 'Description of membership', 0, '1754-01-01', 0, '1754-01-01', '1754-01-01', '1754-01-01', 0, '$2a$04$TTSabYo9subetYbdCh7zaujjq/mkCjnMex132CHOl3XoL83MK.FJe', 9053, 1, current_timestamp(), 1);
insert into users(id,last_activity_date,user_name,application_id,creation_date,last_update_date,version) values (9054, '1754-01-01', 'sampleUser53', 9003,current_timestamp(),current_timestamp(),1);
insert into users(id,last_activity_date,user_name,application_id,creation_date,last_update_date,version) values (9055, '1754-01-01', 'sampleUser54', 9003,current_timestamp(),current_timestamp(),1);
insert into memberships(id,enabled,creation_date,description,failed_revry_atmpt_cnt,failed_revry_atmpt_win_start,failed_pwd_atmpt_cnt,failed_pwd_atmpt_win_start,last_lock_out_date,last_pwd_change_date,locked,password,user_id,encrypted,last_update_date,version) values (9055, 1, current_timestamp(), 'Description of membership', 0, '1754-01-01', 0, '1754-01-01', '1754-01-01', current_timestamp(), 1, '$2a$04$TTSabYo9subetYbdCh7zaujjq/mkCjnMex132CHOl3XoL83MK.FJe', 9055, 1, current_timestamp(), 1);
insert into users(id,last_activity_date,user_name,application_id,creation_date,last_update_date,version) values (9056, '1754-01-01', 'sampleUser55', 9003,current_timestamp(),current_timestamp(),1);
insert into memberships(id,enabled,creation_date,description,failed_revry_atmpt_cnt,failed_revry_atmpt_win_start,failed_pwd_atmpt_cnt,failed_pwd_atmpt_win_start,last_lock_out_date,last_pwd_change_date,locked,password,user_id,encrypted,last_update_date,version) values (9056, 0, current_timestamp(), 'Description of membership', 0, '1754-01-01', 0, '1754-01-01', '1754-01-01', '1754-01-01', 0, '$2a$04$TTSabYo9subetYbdCh7zaujjq/mkCjnMex132CHOl3XoL83MK.FJe', 9056, 1, current_timestamp(), 1);
insert into users(id,last_activity_date,user_name,application_id,creation_date,last_update_date,version) values (9057, '1754-01-01', 'sampleUser56', 9003,current_timestamp(),current_timestamp(),1);
insert into memberships(id,enabled,creation_date,description,failed_revry_atmpt_cnt,failed_revry_atmpt_win_start,failed_pwd_atmpt_cnt,failed_pwd_atmpt_win_start,last_lock_out_date,last_pwd_change_date,locked,password,user_id,encrypted,last_update_date,version) values (9057, 1, current_timestamp(), 'Description of membership', 0, '1754-01-01', 0, '1754-01-01', '1754-01-01', '1754-01-01', 0, '$2a$04$TTSabYo9subetYbdCh7zaujjq/mkCjnMex132CHOl3XoL83MK.FJe', 9057, 1, current_timestamp(), 1);
insert into users(id,last_activity_date,user_name,application_id,creation_date,last_update_date,version) values (9058, '1754-01-01', 'sampleUser57', 9003,current_timestamp(),current_timestamp(),1);
insert into memberships(id,enabled,creation_date,description,failed_revry_atmpt_cnt,failed_revry_atmpt_win_start,failed_pwd_atmpt_cnt,failed_pwd_atmpt_win_start,last_lock_out_date,last_pwd_change_date,locked,password,user_id,encrypted,last_update_date,version) values (9058, 1, current_timestamp(), 'Description of membership', 0, '1754-01-01', 0, '1754-01-01', '1754-01-01', '1754-01-01', 0, '$2a$04$TTSabYo9subetYbdCh7zaujjq/mkCjnMex132CHOl3XoL83MK.FJe', 9058, 1, current_timestamp(), 1);
insert into users(id,last_activity_date,user_name,application_id,creation_date,last_update_date,version) values (9059, '1754-01-01', 'sampleUser58', 9001,current_timestamp(),current_timestamp(),1);
insert into memberships(id,enabled,creation_date,description,failed_revry_atmpt_cnt,failed_revry_atmpt_win_start,failed_pwd_atmpt_cnt,failed_pwd_atmpt_win_start,last_lock_out_date,last_pwd_change_date,locked,password,user_id,encrypted,last_update_date,version) values (9059, 1, current_timestamp(), 'Description of membership', 0, '1754-01-01', 0, '1754-01-01', '1754-01-01', '1754-01-01', 0, '$2a$04$TTSabYo9subetYbdCh7zaujjq/mkCjnMex132CHOl3XoL83MK.FJe', 9059, 1, current_timestamp(), 1);
insert into users(id,last_activity_date,user_name,application_id,creation_date,last_update_date,version) values (9060, '1754-01-01', 'sampleUser59', 9003,current_timestamp(),current_timestamp(),1);
insert into memberships(id,enabled,creation_date,description,failed_revry_atmpt_cnt,failed_revry_atmpt_win_start,failed_pwd_atmpt_cnt,failed_pwd_atmpt_win_start,last_lock_out_date,last_pwd_change_date,locked,password,user_id,encrypted,last_update_date,version) values (9060, 1, current_timestamp(), 'Description of membership', 0, '1754-01-01', 0, '1754-01-01', '1754-01-01', '1754-01-01', 0, '$2a$04$TTSabYo9subetYbdCh7zaujjq/mkCjnMex132CHOl3XoL83MK.FJe', 9060, 1, current_timestamp(), 1);
insert into users(id,last_activity_date,user_name,application_id,creation_date,last_update_date,version) values (9061, '1754-01-01', 'sampleUser60', 9003,current_timestamp(),current_timestamp(),1);
insert into memberships(id,enabled,creation_date,description,failed_revry_atmpt_cnt,failed_revry_atmpt_win_start,failed_pwd_atmpt_cnt,failed_pwd_atmpt_win_start,last_lock_out_date,last_pwd_change_date,locked,password,user_id,encrypted,last_update_date,version) values (9061, 1, current_timestamp(), 'Description of membership', 0, '1754-01-01', 0, '1754-01-01', '1754-01-01', '1754-01-01', 0, '$2a$04$TTSabYo9subetYbdCh7zaujjq/mkCjnMex132CHOl3XoL83MK.FJe', 9061, 1, current_timestamp(), 1);
insert into users(id,last_activity_date,user_name,application_id,creation_date,last_update_date,version) values (9062, '1754-01-01', 'sampleUser61', 9003,current_timestamp(),current_timestamp(),1);
insert into memberships(id,enabled,creation_date,description,failed_revry_atmpt_cnt,failed_revry_atmpt_win_start,failed_pwd_atmpt_cnt,failed_pwd_atmpt_win_start,last_lock_out_date,last_pwd_change_date,locked,password,user_id,encrypted,last_update_date,version) values (9062, 1, current_timestamp(), 'Description of membership', 0, '1754-01-01', 0, '1754-01-01', '1754-01-01', '1754-01-01', 0, '$2a$04$TTSabYo9subetYbdCh7zaujjq/mkCjnMex132CHOl3XoL83MK.FJe', 9062, 1, current_timestamp(), 1);
insert into users(id,last_activity_date,user_name,application_id,creation_date,last_update_date,version) values (9063, '1754-01-01', 'sampleUser62', 9003,current_timestamp(),current_timestamp(),1);
insert into users(id,last_activity_date,user_name,application_id,creation_date,last_update_date,version) values (9064, '1754-01-01', 'sampleUser63', 9003,current_timestamp(),current_timestamp(),1);
insert into memberships(id,enabled,creation_date,description,failed_revry_atmpt_cnt,failed_revry_atmpt_win_start,failed_pwd_atmpt_cnt,failed_pwd_atmpt_win_start,last_lock_out_date,last_pwd_change_date,locked,password,user_id,encrypted,last_update_date,version) values (9064, 1, current_timestamp(), 'Description of membership', 0, '1754-01-01', 0, '1754-01-01', '1754-01-01', '1754-01-01', 0, '$2a$04$TTSabYo9subetYbdCh7zaujjq/mkCjnMex132CHOl3XoL83MK.FJe', 9064, 1, current_timestamp(), 1);
insert into users(id,last_activity_date,user_name,application_id,creation_date,last_update_date,version) values (9065, '1754-01-01', 'sampleUser64', 9003,current_timestamp(),current_timestamp(),1);
insert into memberships(id,enabled,creation_date,description,failed_revry_atmpt_cnt,failed_revry_atmpt_win_start,failed_pwd_atmpt_cnt,failed_pwd_atmpt_win_start,last_lock_out_date,last_pwd_change_date,locked,password,user_id,encrypted,last_update_date,version) values (9065, 1, current_timestamp(), 'Description of membership', 0, '1754-01-01', 0, '1754-01-01', '1754-01-01', current_timestamp(), 1, '$2a$04$TTSabYo9subetYbdCh7zaujjq/mkCjnMex132CHOl3XoL83MK.FJe', 9065, 1, current_timestamp(), 1);
insert into users(id,last_activity_date,user_name,application_id,creation_date,last_update_date,version) values (9066, '1754-01-01', 'sampleUser65', 9003,current_timestamp(),current_timestamp(),1);
insert into memberships(id,enabled,creation_date,description,failed_revry_atmpt_cnt,failed_revry_atmpt_win_start,failed_pwd_atmpt_cnt,failed_pwd_atmpt_win_start,last_lock_out_date,last_pwd_change_date,locked,password,user_id,encrypted,last_update_date,version) values (9066, 0, current_timestamp(), 'Description of membership', 0, '1754-01-01', 0, '1754-01-01', '1754-01-01', '1754-01-01', 0, '$2a$04$TTSabYo9subetYbdCh7zaujjq/mkCjnMex132CHOl3XoL83MK.FJe', 9066, 1, current_timestamp(), 1);
insert into users(id,last_activity_date,user_name,application_id,creation_date,last_update_date,version) values (9067, '1754-01-01', 'sampleUser66', 9003,current_timestamp(),current_timestamp(),1);
insert into memberships(id,enabled,creation_date,description,failed_revry_atmpt_cnt,failed_revry_atmpt_win_start,failed_pwd_atmpt_cnt,failed_pwd_atmpt_win_start,last_lock_out_date,last_pwd_change_date,locked,password,user_id,encrypted,last_update_date,version) values (9067, 1, current_timestamp(), 'Description of membership', 0, '1754-01-01', 0, '1754-01-01', '1754-01-01', '1754-01-01', 0, '$2a$04$TTSabYo9subetYbdCh7zaujjq/mkCjnMex132CHOl3XoL83MK.FJe', 9067, 1, current_timestamp(), 1);
insert into users(id,last_activity_date,user_name,application_id,creation_date,last_update_date,version) values (9068, '1754-01-01', 'sampleUser67', 9003,current_timestamp(),current_timestamp(),1);
insert into memberships(id,enabled,creation_date,description,failed_revry_atmpt_cnt,failed_revry_atmpt_win_start,failed_pwd_atmpt_cnt,failed_pwd_atmpt_win_start,last_lock_out_date,last_pwd_change_date,locked,password,user_id,encrypted,last_update_date,version) values (9068, 1, current_timestamp(), 'Description of membership', 0, '1754-01-01', 0, '1754-01-01', '1754-01-01', '1754-01-01', 0, '$2a$04$TTSabYo9subetYbdCh7zaujjq/mkCjnMex132CHOl3XoL83MK.FJe', 9068, 1, current_timestamp(), 1);
insert into users(id,last_activity_date,user_name,application_id,creation_date,last_update_date,version) values (9069, '1754-01-01', 'sampleUser68', 9001,current_timestamp(),current_timestamp(),1);
insert into memberships(id,enabled,creation_date,description,failed_revry_atmpt_cnt,failed_revry_atmpt_win_start,failed_pwd_atmpt_cnt,failed_pwd_atmpt_win_start,last_lock_out_date,last_pwd_change_date,locked,password,user_id,encrypted,last_update_date,version) values (9069, 1, current_timestamp(), 'Description of membership', 0, '1754-01-01', 0, '1754-01-01', '1754-01-01', '1754-01-01', 0, '$2a$04$TTSabYo9subetYbdCh7zaujjq/mkCjnMex132CHOl3XoL83MK.FJe', 9069, 1, current_timestamp(), 1);
insert into users(id,last_activity_date,user_name,application_id,creation_date,last_update_date,version) values (9070, '1754-01-01', 'sampleUser69', 9003,current_timestamp(),current_timestamp(),1);
insert into memberships(id,enabled,creation_date,description,failed_revry_atmpt_cnt,failed_revry_atmpt_win_start,failed_pwd_atmpt_cnt,failed_pwd_atmpt_win_start,last_lock_out_date,last_pwd_change_date,locked,password,user_id,encrypted,last_update_date,version) values (9070, 1, current_timestamp(), 'Description of membership', 0, '1754-01-01', 0, '1754-01-01', '1754-01-01', '1754-01-01', 0, '$2a$04$TTSabYo9subetYbdCh7zaujjq/mkCjnMex132CHOl3XoL83MK.FJe', 9070, 1, current_timestamp(), 1);
insert into password_histories(id,change_date,password,membership_id,creation_date,last_update_date) values (9001,date_add(current_timestamp(),INTERVAL -10 DAY),'$2a$04$TTSabYo9subetYbdCh7zaujjq/mkCjnMex132CHOl3XoL83MK.FJe',9007,current_timestamp(),current_timestamp());
insert into groups(id,name,description,application_id,creation_date,last_update_date,version) values (9001,'Group 1','Group description',9001,current_timestamp(),current_timestamp(),1);
insert into groups(id,name,description,application_id,creation_date,last_update_date,version) values (9002,'Group 2','Group description',9002,current_timestamp(),current_timestamp(),1);
insert into groups(id,name,description,application_id,creation_date,last_update_date,version) values (9003,'Group 3','Group description',9001,current_timestamp(),current_timestamp(),1);
insert into groups(id,name,description,application_id,creation_date,last_update_date,version) values (9004,'Group 4','Group description',9003,current_timestamp(),current_timestamp(),1);
insert into groups(id,name,description,application_id,creation_date,last_update_date,version) values (9005,'Group 5','Group description',9001,current_timestamp(),current_timestamp(),1);
insert into groups(id,name,description,application_id,creation_date,last_update_date,version) values (9006,'Group 6','Group description',9004,current_timestamp(),current_timestamp(),1);
insert into groups(id,name,description,application_id,creation_date,last_update_date,version) values (9007,'Group 7','Group description',9003,current_timestamp(),current_timestamp(),1);
insert into authorities(id,name,description,application_id,creation_date,last_update_date,version) values (9001,'Authority 1','Authority description',9001,current_timestamp(),current_timestamp(),1);
insert into authorities(id,name,description,application_id,creation_date,last_update_date,version) values (9002,'Authority 2','Authority description',9002,current_timestamp(),current_timestamp(),1);
insert into authorities(id,name,description,application_id,creation_date,last_update_date,version) values (9003,'Authority 3','Authority description',9001,current_timestamp(),current_timestamp(),1);
insert into authorities(id,name,description,application_id,creation_date,last_update_date,version) values (9004,'Authority 4','Authority description',9003,current_timestamp(),current_timestamp(),1);
insert into authorities(id,name,description,application_id,creation_date,last_update_date,version) values (9005,'Authority 5','Authority description',9001,current_timestamp(),current_timestamp(),1);
insert into authorities(id,name,description,application_id,creation_date,last_update_date,version) values (9006,'Authority 6','Authority description',9004,current_timestamp(),current_timestamp(),1);
insert into authorities(id,name,description,application_id,creation_date,last_update_date,version) values (9007,'Authority 7','Authority description',9003,current_timestamp(),current_timestamp(),1);
insert into group_authorities(group_id,authority_id) values (9001,9001);
insert into group_authorities(group_id,authority_id) values (9002,9002);
insert into group_authorities(group_id,authority_id) values (9003,9003);
insert into group_authorities(group_id,authority_id) values (9004,9004);
insert into group_authorities(group_id,authority_id) values (9005,9005);
insert into group_authorities(group_id,authority_id) values (9006,9006);
insert into group_authorities(group_id,authority_id) values (9007,9007);
insert into group_users(user_id,group_id) values (9001,9001);
insert into group_users(user_id,group_id) values (9003,9001);
insert into group_users(user_id,group_id) values (9004,9001);
insert into group_users(user_id,group_id) values (9005,9001);
insert into group_users(user_id,group_id) values (9006,9001);
insert into group_users(user_id,group_id) values (9007,9001);
insert into group_users(user_id,group_id) values (9008,9001);
insert into group_users(user_id,group_id) values (9009,9001);
insert into group_users(user_id,group_id) values (9010,9001);
insert into group_users(user_id,group_id) values (9014,9001);
insert into group_users(user_id,group_id) values (9015,9001);
insert into group_users(user_id,group_id) values (9016,9003);
insert into group_users(user_id,group_id) values (9018,9001);
insert into group_users(user_id,group_id) values (9019,9001);
insert into group_users(user_id,group_id) values (9020,9001);
insert into group_users(user_id,group_id) values (9026,9002);
insert into group_users(user_id,group_id) values (9027,9002);
insert into group_users(user_id,group_id) values (9028,9002);
insert into group_users(user_id,group_id) values (9033,9004);
insert into group_users(user_id,group_id) values (9034,9004);
insert into group_users(user_id,group_id) values (9035,9004);
insert into group_users(user_id,group_id) values (9036,9004);
insert into group_users(user_id,group_id) values (9037,9004);
insert into group_users(user_id,group_id) values (9038,9004);
insert into group_users(user_id,group_id) values (9039,9004);
insert into group_users(user_id,group_id) values (9040,9004);
insert into group_users(user_id,group_id) values (9041,9004);
insert into group_users(user_id,group_id) values (9042,9004);
insert into group_users(user_id,group_id) values (9043,9005);
insert into group_users(user_id,group_id) values (9044,9004);
insert into group_users(user_id,group_id) values (9045,9004);
insert into group_users(user_id,group_id) values (9046,9004);
insert into group_users(user_id,group_id) values (9047,9004);
insert into group_users(user_id,group_id) values (9048,9005);
insert into group_users(user_id,group_id) values (9049,9006);
insert into group_users(user_id,group_id) values (9050,9006);
insert into group_users(user_id,group_id) values (9052,9007);
insert into group_users(user_id,group_id) values (9053,9007);
insert into group_users(user_id,group_id) values (9055,9007);
insert into group_users(user_id,group_id) values (9056,9007);
insert into group_users(user_id,group_id) values (9057,9007);
insert into group_users(user_id,group_id) values (9058,9007);
insert into group_users(user_id,group_id) values (9059,9005);
insert into group_users(user_id,group_id) values (9060,9005);
insert into group_users(user_id,group_id) values (9061,9005);
insert into group_users(user_id,group_id) values (9062,9004);
insert into group_users(user_id,group_id) values (9064,9004);
insert into group_users(user_id,group_id) values (9065,9004);
insert into group_users(user_id,group_id) values (9066,9004);
insert into group_users(user_id,group_id) values (9067,9004);
insert into group_users(user_id,group_id) values (9068,9004);
insert into group_users(user_id,group_id) values (9069,9005);
insert into group_users(user_id,group_id) values (9070,9007);
insert into recovery_information(id,membership_id,question,answer,encrypted,creation_date,last_update_date,version) values (9001,9010,'What is your father''s tribe?','SAMPLE FATHER''S TRIBE',0,current_timestamp(),current_timestamp(),1);
insert into recovery_information(id,membership_id,question,answer,encrypted,creation_date,last_update_date,version) values (9002,9010,'What is your dream work?','SAMPLE DREAM WORK',0,current_timestamp(),current_timestamp(),1);
insert into recovery_information(id,membership_id,question,answer,encrypted,creation_date,last_update_date,version) values (9003,9010,'What was the name of your primary school?','SAMPLE PRIMARY SCHOOL NAME',0,current_timestamp(),current_timestamp(),1);
insert into recovery_information(id,membership_id,question,answer,encrypted,creation_date,last_update_date,version) values (9004,9020,'Where did you meet your spouse?','SAMPLE SPOUSE MEET PLACE',0,current_timestamp(),current_timestamp(),1);
insert into recovery_information(id,membership_id,question,answer,encrypted,creation_date,last_update_date,version) values (9005,9020,'What is your dream car?','SAMPLE DREAM CAR MAKE',0,current_timestamp(),current_timestamp(),1);
insert into recovery_information(id,membership_id,question,answer,encrypted,creation_date,last_update_date,version) values (9006,9020,'Who was your childhood best friend?','SAMPLE CHILDHOOD BEST FRIEND',0,current_timestamp(),current_timestamp(),1);
insert into recovery_information(id,membership_id,question,answer,encrypted,creation_date,last_update_date,version) values (9007,9015,'What is your father''s tribe?','SAMPLE FATHER''S TRIBE',0,current_timestamp(),current_timestamp(),1);
insert into recovery_information(id,membership_id,question,answer,encrypted,creation_date,last_update_date,version) values (9008,9015,'What is your dream work?','SAMPLE DREAM WORK',0,current_timestamp(),current_timestamp(),1);
insert into recovery_information(id,membership_id,question,answer,encrypted,creation_date,last_update_date,version) values (9009,9015,'What was the name of your primary school?','SAMPLE PRIMARY SCHOOL NAME',0,current_timestamp(),current_timestamp(),1);
insert into recovery_information(id,membership_id,question,answer,encrypted,creation_date,last_update_date,version) values (9010,9016,'What is your father''s tribe?','SAMPLE FATHER''S TRIBE',0,current_timestamp(),current_timestamp(),1);
insert into recovery_information(id,membership_id,question,answer,encrypted,creation_date,last_update_date,version) values (9011,9016,'What is your dream work?','SAMPLE DREAM WORK',0,current_timestamp(),current_timestamp(),1);
insert into recovery_information(id,membership_id,question,answer,encrypted,creation_date,last_update_date,version) values (9012,9016,'What was the name of your primary school?','SAMPLE PRIMARY SCHOOL NAME',0,current_timestamp(),current_timestamp(),1);
insert into recovery_information(id,membership_id,question,answer,encrypted,creation_date,last_update_date,version) values (9013,9017,'What is your father''s tribe?','SAMPLE FATHER''S TRIBE',0,current_timestamp(),current_timestamp(),1);
insert into recovery_information(id,membership_id,question,answer,encrypted,creation_date,last_update_date,version) values (9014,9017,'What is your dream work?','SAMPLE DREAM WORK',0,current_timestamp(),current_timestamp(),1);
insert into recovery_information(id,membership_id,question,answer,encrypted,creation_date,last_update_date,version) values (9015,9017,'What was the name of your primary school?','SAMPLE PRIMARY SCHOOL NAME',0,current_timestamp(),current_timestamp(),1);
insert into recovery_information(id,membership_id,question,answer,encrypted,creation_date,last_update_date,version) values (9016,9018,'What is your father''s tribe?','SAMPLE FATHER''S TRIBE',0,current_timestamp(),current_timestamp(),1);
insert into recovery_information(id,membership_id,question,answer,encrypted,creation_date,last_update_date,version) values (9017,9018,'What is your dream work?','SAMPLE DREAM WORK',0,current_timestamp(),current_timestamp(),1);
insert into recovery_information(id,membership_id,question,answer,encrypted,creation_date,last_update_date,version) values (9018,9018,'What was the name of your primary school?','SAMPLE PRIMARY SCHOOL NAME',0,current_timestamp(),current_timestamp(),1);
insert into recovery_information(id,membership_id,question,answer,encrypted,creation_date,last_update_date,version) values (9019,9019,'What is your father''s tribe?','SAMPLE FATHER''S TRIBE',0,current_timestamp(),current_timestamp(),1);
insert into recovery_information(id,membership_id,question,answer,encrypted,creation_date,last_update_date,version) values (9020,9019,'What is your dream work?','SAMPLE DREAM WORK',0,current_timestamp(),current_timestamp(),1);
insert into recovery_information(id,membership_id,question,answer,encrypted,creation_date,last_update_date,version) values (9021,9019,'What was the name of your primary school?','SAMPLE PRIMARY SCHOOL NAME',0,current_timestamp(),current_timestamp(),1);
insert into recovery_information(id,membership_id,question,answer,encrypted,creation_date,last_update_date,version) values (9022,9011,'What is your father''s tribe?','SAMPLE FATHER''S TRIBE',0,current_timestamp(),current_timestamp(),1);
insert into recovery_information(id,membership_id,question,answer,encrypted,creation_date,last_update_date,version) values (9023,9011,'What is your dream work?','SAMPLE DREAM WORK',0,current_timestamp(),current_timestamp(),1);
insert into recovery_information(id,membership_id,question,answer,encrypted,creation_date,last_update_date,version) values (9024,9011,'What was the name of your primary school?','SAMPLE PRIMARY SCHOOL NAME',0,current_timestamp(),current_timestamp(),1);
insert into recovery_information(id,membership_id,question,answer,encrypted,creation_date,last_update_date,version) values (9025,9013,'What is your father''s tribe?','SAMPLE FATHER''S TRIBE',0,current_timestamp(),current_timestamp(),1);
insert into recovery_information(id,membership_id,question,answer,encrypted,creation_date,last_update_date,version) values (9026,9013,'What is your dream work?','SAMPLE DREAM WORK',0,current_timestamp(),current_timestamp(),1);
insert into recovery_information(id,membership_id,question,answer,encrypted,creation_date,last_update_date,version) values (9027,9013,'What was the name of your primary school?','SAMPLE PRIMARY SCHOOL NAME',0,current_timestamp(),current_timestamp(),1);
insert into recovery_information(id,membership_id,question,answer,encrypted,creation_date,last_update_date,version) values (9028,9029,'What is your father''s tribe?','SAMPLE FATHER''S TRIBE',0,current_timestamp(),current_timestamp(),1);
insert into recovery_information(id,membership_id,question,answer,encrypted,creation_date,last_update_date,version) values (9029,9029,'What is your dream work?','SAMPLE DREAM WORK',0,current_timestamp(),current_timestamp(),1);
insert into recovery_information(id,membership_id,question,answer,encrypted,creation_date,last_update_date,version) values (9030,9029,'What was the name of your primary school?','SAMPLE PRIMARY SCHOOL NAME',0,current_timestamp(),current_timestamp(),1);
insert into recovery_information(id,membership_id,question,answer,encrypted,creation_date,last_update_date,version) values (9031,9032,'What is your father''s tribe?','SAMPLE FATHER''S TRIBE',0,current_timestamp(),current_timestamp(),1);
insert into recovery_information(id,membership_id,question,answer,encrypted,creation_date,last_update_date,version) values (9032,9032,'What is your dream work?','SAMPLE DREAM WORK',0,current_timestamp(),current_timestamp(),1);
insert into recovery_information(id,membership_id,question,answer,encrypted,creation_date,last_update_date,version) values (9033,9032,'What was the name of your primary school?','SAMPLE PRIMARY SCHOOL NAME',0,current_timestamp(),current_timestamp(),1);
insert into recovery_information(id,membership_id,question,answer,encrypted,creation_date,last_update_date,version) values (9034,9034,'What is your father''s tribe?','SAMPLE FATHER''S TRIBE',0,current_timestamp(),current_timestamp(),1);
insert into recovery_information(id,membership_id,question,answer,encrypted,creation_date,last_update_date,version) values (9035,9034,'What is your dream work?','SAMPLE DREAM WORK',0,current_timestamp(),current_timestamp(),1);
insert into recovery_information(id,membership_id,question,answer,encrypted,creation_date,last_update_date,version) values (9036,9034,'What was the name of your primary school?','SAMPLE PRIMARY SCHOOL NAME',0,current_timestamp(),current_timestamp(),1);
insert into recovery_information(id,membership_id,question,answer,encrypted,creation_date,last_update_date,version) values (9037,9035,'What is your father''s tribe?','SAMPLE FATHER''S TRIBE',0,current_timestamp(),current_timestamp(),1);
insert into recovery_information(id,membership_id,question,answer,encrypted,creation_date,last_update_date,version) values (9038,9035,'What is your dream work?','SAMPLE DREAM WORK',0,current_timestamp(),current_timestamp(),1);
insert into recovery_information(id,membership_id,question,answer,encrypted,creation_date,last_update_date,version) values (9039,9035,'What was the name of your primary school?','SAMPLE PRIMARY SCHOOL NAME',0,current_timestamp(),current_timestamp(),1);
insert into recovery_information(id,membership_id,question,answer,encrypted,creation_date,last_update_date,version) values (9040,9037,'What is your father''s tribe?','SAMPLE FATHER''S TRIBE',0,current_timestamp(),current_timestamp(),1);
insert into recovery_information(id,membership_id,question,answer,encrypted,creation_date,last_update_date,version) values (9041,9037,'What is your dream work?','SAMPLE DREAM WORK',0,current_timestamp(),current_timestamp(),1);
insert into recovery_information(id,membership_id,question,answer,encrypted,creation_date,last_update_date,version) values (9042,9037,'What was the name of your primary school?','SAMPLE PRIMARY SCHOOL NAME',0,current_timestamp(),current_timestamp(),1);
insert into recovery_information(id,membership_id,question,answer,encrypted,creation_date,last_update_date,version) values (9043,9038,'What is your father''s tribe?','SAMPLE FATHER''S TRIBE',0,current_timestamp(),current_timestamp(),1);
insert into recovery_information(id,membership_id,question,answer,encrypted,creation_date,last_update_date,version) values (9044,9038,'What is your dream work?','SAMPLE DREAM WORK',0,current_timestamp(),current_timestamp(),1);
insert into recovery_information(id,membership_id,question,answer,encrypted,creation_date,last_update_date,version) values (9045,9038,'What was the name of your primary school?','SAMPLE PRIMARY SCHOOL NAME',0,current_timestamp(),current_timestamp(),1);
insert into recovery_information(id,membership_id,question,answer,encrypted,creation_date,last_update_date,version) values (9046,9039,'What is your father''s tribe?','SAMPLE FATHER''S TRIBE',0,current_timestamp(),current_timestamp(),1);
insert into recovery_information(id,membership_id,question,answer,encrypted,creation_date,last_update_date,version) values (9047,9039,'What is your dream work?','SAMPLE DREAM WORK',0,current_timestamp(),current_timestamp(),1);
insert into recovery_information(id,membership_id,question,answer,encrypted,creation_date,last_update_date,version) values (9048,9039,'What was the name of your primary school?','SAMPLE PRIMARY SCHOOL NAME',0,current_timestamp(),current_timestamp(),1);
insert into recovery_information(id,membership_id,question,answer,encrypted,creation_date,last_update_date,version) values (9049,9040,'What is your father''s tribe?','SAMPLE FATHER''S TRIBE',0,current_timestamp(),current_timestamp(),1);
insert into recovery_information(id,membership_id,question,answer,encrypted,creation_date,last_update_date,version) values (9050,9040,'What is your dream work?','SAMPLE DREAM WORK',0,current_timestamp(),current_timestamp(),1);
insert into recovery_information(id,membership_id,question,answer,encrypted,creation_date,last_update_date,version) values (9051,9040,'What was the name of your primary school?','SAMPLE PRIMARY SCHOOL NAME',0,current_timestamp(),current_timestamp(),1);
insert into recovery_information(id,membership_id,question,answer,encrypted,creation_date,last_update_date,version) values (9052,9041,'What is your father''s tribe?','SAMPLE FATHER''S TRIBE',0,current_timestamp(),current_timestamp(),1);
insert into recovery_information(id,membership_id,question,answer,encrypted,creation_date,last_update_date,version) values (9053,9041,'What is your dream work?','SAMPLE DREAM WORK',0,current_timestamp(),current_timestamp(),1);
insert into recovery_information(id,membership_id,question,answer,encrypted,creation_date,last_update_date,version) values (9054,9041,'What was the name of your primary school?','SAMPLE PRIMARY SCHOOL NAME',0,current_timestamp(),current_timestamp(),1);
insert into recovery_information(id,membership_id,question,answer,encrypted,creation_date,last_update_date,version) values (9055,9042,'What is your father''s tribe?','SAMPLE FATHER''S TRIBE',0,current_timestamp(),current_timestamp(),1);
insert into recovery_information(id,membership_id,question,answer,encrypted,creation_date,last_update_date,version) values (9056,9042,'What is your dream work?','SAMPLE DREAM WORK',0,current_timestamp(),current_timestamp(),1);
insert into recovery_information(id,membership_id,question,answer,encrypted,creation_date,last_update_date,version) values (9057,9042,'What was the name of your primary school?','SAMPLE PRIMARY SCHOOL NAME',0,current_timestamp(),current_timestamp(),1);
insert into recovery_information(id,membership_id,question,answer,encrypted,creation_date,last_update_date,version) values (9058,9043,'What is your father''s tribe?','SAMPLE FATHER''S TRIBE',0,current_timestamp(),current_timestamp(),1);
insert into recovery_information(id,membership_id,question,answer,encrypted,creation_date,last_update_date,version) values (9059,9043,'What is your dream work?','SAMPLE DREAM WORK',0,current_timestamp(),current_timestamp(),1);
insert into recovery_information(id,membership_id,question,answer,encrypted,creation_date,last_update_date,version) values (9060,9043,'What was the name of your primary school?','SAMPLE PRIMARY SCHOOL NAME',0,current_timestamp(),current_timestamp(),1);
insert into recovery_information(id,membership_id,question,answer,encrypted,creation_date,last_update_date,version) values (9061,9044,'What is your father''s tribe?','SAMPLE FATHER''S TRIBE',0,current_timestamp(),current_timestamp(),1);
insert into recovery_information(id,membership_id,question,answer,encrypted,creation_date,last_update_date,version) values (9062,9044,'What is your dream work?','SAMPLE DREAM WORK',0,current_timestamp(),current_timestamp(),1);
insert into recovery_information(id,membership_id,question,answer,encrypted,creation_date,last_update_date,version) values (9063,9044,'What was the name of your primary school?','SAMPLE PRIMARY SCHOOL NAME',0,current_timestamp(),current_timestamp(),1);
insert into recovery_information(id,membership_id,question,answer,encrypted,creation_date,last_update_date,version) values (9064,9045,'What is your father''s tribe?','SAMPLE FATHER''S TRIBE',0,current_timestamp(),current_timestamp(),1);
insert into recovery_information(id,membership_id,question,answer,encrypted,creation_date,last_update_date,version) values (9065,9045,'What is your dream work?','SAMPLE DREAM WORK',0,current_timestamp(),current_timestamp(),1);
insert into recovery_information(id,membership_id,question,answer,encrypted,creation_date,last_update_date,version) values (9066,9045,'What was the name of your primary school?','SAMPLE PRIMARY SCHOOL NAME',0,current_timestamp(),current_timestamp(),1);
insert into recovery_information(id,membership_id,question,answer,encrypted,creation_date,last_update_date,version) values (9067,9046,'What is your father''s tribe?','SAMPLE FATHER''S TRIBE',0,current_timestamp(),current_timestamp(),1);
insert into recovery_information(id,membership_id,question,answer,encrypted,creation_date,last_update_date,version) values (9068,9046,'What is your dream work?','SAMPLE DREAM WORK',0,current_timestamp(),current_timestamp(),1);
insert into recovery_information(id,membership_id,question,answer,encrypted,creation_date,last_update_date,version) values (9069,9046,'What was the name of your primary school?','SAMPLE PRIMARY SCHOOL NAME',0,current_timestamp(),current_timestamp(),1);
insert into recovery_information(id,membership_id,question,answer,encrypted,creation_date,last_update_date,version) values (9070,9047,'What is your father''s tribe?','SAMPLE FATHER''S TRIBE',0,current_timestamp(),current_timestamp(),1);
insert into recovery_information(id,membership_id,question,answer,encrypted,creation_date,last_update_date,version) values (9071,9047,'What is your dream work?','SAMPLE DREAM WORK',0,current_timestamp(),current_timestamp(),1);
insert into recovery_information(id,membership_id,question,answer,encrypted,creation_date,last_update_date,version) values (9072,9047,'What was the name of your primary school?','SAMPLE PRIMARY SCHOOL NAME',0,current_timestamp(),current_timestamp(),1);
insert into recovery_information(id,membership_id,question,answer,encrypted,creation_date,last_update_date,version) values (9073,9048,'What is your father''s tribe?','SAMPLE FATHER''S TRIBE',0,current_timestamp(),current_timestamp(),1);
insert into recovery_information(id,membership_id,question,answer,encrypted,creation_date,last_update_date,version) values (9074,9048,'What is your dream work?','SAMPLE DREAM WORK',0,current_timestamp(),current_timestamp(),1);
insert into recovery_information(id,membership_id,question,answer,encrypted,creation_date,last_update_date,version) values (9075,9048,'What was the name of your primary school?','SAMPLE PRIMARY SCHOOL NAME',0,current_timestamp(),current_timestamp(),1);
insert into recovery_information(id,membership_id,question,answer,encrypted,creation_date,last_update_date,version) values (9076,9049,'What is your father''s tribe?','SAMPLE FATHER''S TRIBE',0,current_timestamp(),current_timestamp(),1);
insert into recovery_information(id,membership_id,question,answer,encrypted,creation_date,last_update_date,version) values (9077,9049,'What is your dream work?','SAMPLE DREAM WORK',0,current_timestamp(),current_timestamp(),1);
insert into recovery_information(id,membership_id,question,answer,encrypted,creation_date,last_update_date,version) values (9078,9049,'What was the name of your primary school?','SAMPLE PRIMARY SCHOOL NAME',0,current_timestamp(),current_timestamp(),1);
insert into recovery_information(id,membership_id,question,answer,encrypted,creation_date,last_update_date,version) values (9079,9050,'What is your father''s tribe?','SAMPLE FATHER''S TRIBE',0,current_timestamp(),current_timestamp(),1);
insert into recovery_information(id,membership_id,question,answer,encrypted,creation_date,last_update_date,version) values (9080,9050,'What is your dream work?','SAMPLE DREAM WORK',0,current_timestamp(),current_timestamp(),1);
insert into recovery_information(id,membership_id,question,answer,encrypted,creation_date,last_update_date,version) values (9081,9050,'What was the name of your primary school?','SAMPLE PRIMARY SCHOOL NAME',0,current_timestamp(),current_timestamp(),1);
insert into recovery_information(id,membership_id,question,answer,encrypted,creation_date,last_update_date,version) values (9082,9053,'What was the name of your primary school?','SAMPLE PRIMARY SCHOOL NAME',0,current_timestamp(),current_timestamp(),1);
insert into recovery_information(id,membership_id,question,answer,encrypted,creation_date,last_update_date,version) values (9083,9061,'What is your father''s tribe?','SAMPLE FATHER''S TRIBE',0,current_timestamp(),current_timestamp(),1);
insert into recovery_information(id,membership_id,question,answer,encrypted,creation_date,last_update_date,version) values (9084,9062,'What is your father''s tribe?','SAMPLE FATHER''S TRIBE',0,current_timestamp(),current_timestamp(),1);
insert into recovery_information(id,membership_id,question,answer,encrypted,creation_date,last_update_date,version) values (9085,9070,'What was the name of your primary school?','SAMPLE PRIMARY SCHOOL NAME',0,current_timestamp(),current_timestamp(),1);
insert into login_histories(membership_id,history_id,login_date) values (9015,1,current_timestamp());
insert into login_histories(membership_id,history_id,login_date) values (9020,1,current_timestamp());
insert into login_histories(membership_id,history_id,login_date) values (9026,1,date_add(current_timestamp(),INTERVAL -1 DAY));
insert into login_histories(membership_id,history_id,login_date) values (9039,1,current_timestamp());
insert into login_histories(membership_id,history_id,login_date) values (9044,1,current_timestamp());
commit;