insert into applications(id,name,description,creation_date,last_update_date,version) values (7001,'Test Application 1','This application is used for testing.',current_timestamp(),current_timestamp(),1);
insert into password_policies(id,max_age, max_length, min_special_chars_count, min_age, min_length, history_threshold, application_id,min_lowercase_chars_count,min_uppercase_chars_count,min_numeric_count,creation_date,last_update_date,version) values (7001,30, 25, 1, 0, 7, 10, 7001,1,1,1,current_timestamp(),current_timestamp(),1);
insert into lockout_policies(id,application_id,duration,threshold,reset_time,attempt_window,creation_date,last_update_date,version) values (7001,7001,NULL,3,NULL,10,current_timestamp(),current_timestamp(),1);
insert into login_policies(id,application_id,threshold,creation_date,last_update_date,version) values (7001,7001,5,current_timestamp(),current_timestamp(),1);
insert into applications(id,name,description,creation_date,last_update_date,version) values (7002,'Test Application 2','This application is used for testing.',current_timestamp(),current_timestamp(),1);
insert into password_policies(id,max_age, max_length, min_special_chars_count, min_age, min_length, history_threshold, application_id,min_lowercase_chars_count,min_uppercase_chars_count,min_numeric_count,creation_date,last_update_date,version) values (7002,0, 25, 1, 0, 7, 10, 7002,1,1,1,current_timestamp(),current_timestamp(),1);
insert into login_policies(id,application_id,threshold,creation_date,last_update_date,version) values (7002,7002,5,current_timestamp(),current_timestamp(),1);
insert into lockout_policies(id,application_id,duration,threshold,reset_time,attempt_window,creation_date,last_update_date,version) values (7002,7002,NULL,3,NULL,10,current_timestamp(),current_timestamp(),1);
insert into users(id,last_activity_date,user_name,application_id,creation_date,last_update_date,version) values (7001, '1754-01-01', 'sampleUser1', 7001,current_timestamp(),current_timestamp(),1);
insert into memberships(id,enabled,creation_date,description,failed_revry_atmpt_cnt,failed_revry_atmpt_win_start,failed_pwd_atmpt_cnt,failed_pwd_atmpt_win_start,last_lock_out_date,last_pwd_change_date,locked,password,user_id,encrypted,last_update_date,version) values (7001, 1, current_timestamp(), 'Description of membership', 0, '1754-01-01', 0, '1754-01-01', '1754-01-01', current_timestamp(), 0, '$2a$04$TTSabYo9subetYbdCh7zaujjq/mkCjnMex132CHOl3XoL83MK.FJe', 7001, 1, current_timestamp(), 1);
insert into users(id,last_activity_date,user_name,application_id,creation_date,last_update_date,version) values (7002, '1754-01-01', 'sampleUser2', 7001,current_timestamp(),current_timestamp(),1);
insert into memberships(id,enabled,creation_date,description,failed_revry_atmpt_cnt,failed_revry_atmpt_win_start,failed_pwd_atmpt_cnt,failed_pwd_atmpt_win_start,last_lock_out_date,last_pwd_change_date,locked,password,user_id,encrypted,last_update_date,version) values (7002, 1, current_timestamp(), 'Description of membership', 0, '1754-01-01', 0, '1754-01-01', '1754-01-01', current_timestamp(), 0, '$2a$04$TTSabYo9subetYbdCh7zaujjq/mkCjnMex132CHOl3XoL83MK.FJe', 7002, 1, current_timestamp(), 1);
insert into users(id,last_activity_date,user_name,application_id,creation_date,last_update_date,version) values (7003, '1754-01-01', 'sampleUser3', 7001,current_timestamp(),current_timestamp(),1);
insert into memberships(id,enabled,creation_date,description,failed_revry_atmpt_cnt,failed_revry_atmpt_win_start,failed_pwd_atmpt_cnt,failed_pwd_atmpt_win_start,last_lock_out_date,last_pwd_change_date,locked,password,user_id,encrypted,last_update_date,version) values (7003, 1, current_timestamp(), 'Description of membership', 0, '1754-01-01', 0, '1754-01-01', '1754-01-01', current_timestamp(), 0, '$2a$04$TTSabYo9subetYbdCh7zaujjq/mkCjnMex132CHOl3XoL83MK.FJe', 7003, 1, current_timestamp(), 1);
insert into users(id,last_activity_date,user_name,application_id,creation_date,last_update_date,version) values (7004, '1754-01-01', 'sampleUser4', 7001,current_timestamp(),current_timestamp(),1);
insert into memberships(id,enabled,creation_date,description,failed_revry_atmpt_cnt,failed_revry_atmpt_win_start,failed_pwd_atmpt_cnt,failed_pwd_atmpt_win_start,last_lock_out_date,last_pwd_change_date,locked,password,user_id,encrypted,last_update_date,version) values (7004, 1, current_timestamp(), 'Description of membership', 0, '1754-01-01', 0, '1754-01-01', '1754-01-01', current_timestamp(), 0, '$2a$04$TTSabYo9subetYbdCh7zaujjq/mkCjnMex132CHOl3XoL83MK.FJe', 7004, 1, current_timestamp(), 1);
insert into users(id,last_activity_date,user_name,application_id,creation_date,last_update_date,version) values (7005, '1754-01-01', 'sampleUser5', 7001,current_timestamp(),current_timestamp(),1);
insert into memberships(id,enabled,creation_date,description,failed_revry_atmpt_cnt,failed_revry_atmpt_win_start,failed_pwd_atmpt_cnt,failed_pwd_atmpt_win_start,last_lock_out_date,last_pwd_change_date,locked,password,user_id,encrypted,last_update_date,version) values (7005, 0, current_timestamp(), 'Description of membership', 0, '1754-01-01', 0, '1754-01-01', '1754-01-01', current_timestamp(), 0, '$2a$04$TTSabYo9subetYbdCh7zaujjq/mkCjnMex132CHOl3XoL83MK.FJe', 7005, 1, current_timestamp(), 1);
insert into users(id,last_activity_date,user_name,application_id,creation_date,last_update_date,version) values (7006, '1754-01-01', 'sampleUser6', 7001,current_timestamp(),current_timestamp(),1);
insert into memberships(id,enabled,creation_date,description,failed_revry_atmpt_cnt,failed_revry_atmpt_win_start,failed_pwd_atmpt_cnt,failed_pwd_atmpt_win_start,last_lock_out_date,last_pwd_change_date,locked,password,user_id,encrypted,last_update_date,version) values (7006, 1, current_timestamp(), 'Description of membership', 0, '1754-01-01', 0, '1754-01-01', '1754-01-01', '1754-01-01', 0, '$2a$04$TTSabYo9subetYbdCh7zaujjq/mkCjnMex132CHOl3XoL83MK.FJe', 7006, 1, current_timestamp(), 1);
insert into users(id,last_activity_date,user_name,application_id,creation_date,last_update_date,version) values (7007, date_add(current_timestamp(),INTERVAL -1 DAY), 'sampleUser7', 7001,date_add(current_timestamp(),INTERVAL -2 DAY),date_add(current_timestamp(),INTERVAL -2 DAY),1);
insert into memberships(id,enabled,creation_date,description,failed_revry_atmpt_cnt,failed_revry_atmpt_win_start,failed_pwd_atmpt_cnt,failed_pwd_atmpt_win_start,last_lock_out_date,last_pwd_change_date,locked,password,user_id,encrypted,last_update_date,version) values (7007, 1, date_add(current_timestamp(),INTERVAL -2 DAY), 'Description of membership', 0, '1754-01-01', 0, '1754-01-01', '1754-01-01', date_add(current_timestamp(),INTERVAL -1 DAY), 0, '$2a$04$TTSabYo9subetYbdCh7zaujjq/mkCjnMex132CHOl3XoL83MK.FJe', 7007, 1, current_timestamp(), 1);
insert into users(id,last_activity_date,user_name,application_id,creation_date,last_update_date,version) values (7008, '1754-01-01', 'sampleUser8', 7002,current_timestamp(),current_timestamp(),1);
insert into memberships(id,enabled,creation_date,description,failed_revry_atmpt_cnt,failed_revry_atmpt_win_start,failed_pwd_atmpt_cnt,failed_pwd_atmpt_win_start,last_lock_out_date,last_pwd_change_date,locked,password,user_id,encrypted,last_update_date,version) values (7008, 1, current_timestamp(), 'Description of membership', 0, '1754-01-01', 0, '1754-01-01', '1754-01-01', '1754-01-01', 0, '$2a$04$TTSabYo9subetYbdCh7zaujjq/mkCjnMex132CHOl3XoL83MK.FJe', 7008, 1, current_timestamp(), 1);
insert into groups(id,name,description,application_id,creation_date,last_update_date,version) values (7001,'Group 1','Group description',7001,current_timestamp(),current_timestamp(),1);
insert into authorities(id,name,description,application_id,creation_date,last_update_date,version) values (7001,'Authority 1','Authority description',7001,current_timestamp(),current_timestamp(),1);
insert into groups(id,name,description,application_id,creation_date,last_update_date,version) values (7002,'Group 2','Group description',7002,current_timestamp(),current_timestamp(),1);
insert into authorities(id,name,description,application_id,creation_date,last_update_date,version) values (7002,'Authority 2','Authority description',7002,current_timestamp(),current_timestamp(),1);
insert into group_authorities(group_id,authority_id) values (7001,7001);
insert into group_authorities(group_id,authority_id) values (7002,7002);
insert into group_users(user_id,group_id) values (7001,7001);
insert into group_users(user_id,group_id) values (7002,7001);
insert into group_users(user_id,group_id) values (7003,7001);
insert into group_users(user_id,group_id) values (7004,7001);
insert into group_users(user_id,group_id) values (7005,7001);
insert into group_users(user_id,group_id) values (7006,7001);
insert into group_users(user_id,group_id) values (7007,7001);
insert into group_users(user_id,group_id) values (7008,7001);
insert into login_histories(membership_id,history_id,login_date) values (7001,1,current_timestamp());
insert into login_histories(membership_id,history_id,login_date) values (7002,1,current_timestamp());
insert into login_histories(membership_id,history_id,login_date) values (7003,1,current_timestamp());
insert into login_histories(membership_id,history_id,login_date) values (7004,1,current_timestamp());
insert into login_histories(membership_id,history_id,login_date) values (7005,1,current_timestamp());
insert into login_histories(membership_id,history_id,login_date) values (7007,1,date_add(current_timestamp(),INTERVAL -1 DAY));
commit;