insert into applications(ID,NAME,DESCRIPTION,creation_date,last_update_date,version) VALUES (6001,'Test Application 1','This application is used for testing.',current_timestamp(),current_timestamp(),1);
insert into password_policies(MAX_AGE, MAX_LENGTH, MIN_SPECIAL_CHARS_COUNT, MIN_AGE, MIN_LENGTH, HISTORY_THRESHOLD, APPLICATION_ID,MIN_LOWERCASE_CHARS_COUNT,MIN_UPPERCASE_CHARS_COUNT,MIN_NUMERIC_COUNT) VALUES (30, 25, 1, 0, 7, 10, 6001,1,1,1);
insert into lockout_policies(APPLICATION_ID,DURATION,THRESHOLD,RESET_TIME,ATTEMPT_WINDOW) VALUES (6001,NULL,3,NULL,10);
insert into groups(ID,NAME,DESCRIPTION,APPLICATION_ID,creation_date,last_update_date,version) VALUES (6001,'Sample Group 1','Group description',6001,current_timestamp(),current_timestamp(),1);
insert into groups(ID,NAME,DESCRIPTION,APPLICATION_ID,creation_date,last_update_date,version) VALUES (6002,'Sample Group 2','Group description',6001,current_timestamp(),current_timestamp(),1);
insert into groups(ID,NAME,DESCRIPTION,APPLICATION_ID,creation_date,last_update_date,version) VALUES (6003,'Sample Group 3','Group description',6001,current_timestamp(),current_timestamp(),1);
insert into groups(ID,NAME,DESCRIPTION,APPLICATION_ID,creation_date,last_update_date,version) VALUES (6004,'Sample Group 4','Group description',6001,current_timestamp(),current_timestamp(),1);
insert into groups(ID,NAME,DESCRIPTION,APPLICATION_ID,creation_date,last_update_date,version) VALUES (6005,'Sample Group 5','Group description',6001,current_timestamp(),current_timestamp(),1);
insert into groups(ID,NAME,DESCRIPTION,APPLICATION_ID,creation_date,last_update_date,version) VALUES (6006,'Sample Group 6','Group description',6001,current_timestamp(),current_timestamp(),1);
insert into users(ID,LAST_ACTIVITY_DATE,USER_NAME,APPLICATION_ID,CREATION_DATE,LAST_UPDATE_DATE,VERSION) VALUES (6001, '1754-01-01', 'sampleUser1', 6001,current_timestamp(),current_timestamp(),1);
insert into memberships(ENABLED,CREATION_DATE,DESCRIPTION,FAILED_REVRY_ATMPT_CNT,FAILED_REVRY_ATMPT_WIN_START,FAILED_PWD_ATMPT_CNT,FAILED_PWD_ATMPT_WIN_START,LAST_LOCK_OUT_DATE,LAST_PWD_CHANGE_DATE,LOCKED_OUT,PASSWORD,USER_ID,ENCRYPTED) VALUES (1, current_timestamp(), 'Description of membership', 0, '1754-01-01', 0, '1754-01-01', '1754-01-01', '1754-01-01', 0, '$2a$04$TTSabYo9subetYbdCh7zaujjq/mkCjnMex132CHOl3XoL83MK.FJe', 6001, 1);
insert into users(ID,LAST_ACTIVITY_DATE,USER_NAME,APPLICATION_ID,CREATION_DATE,LAST_UPDATE_DATE,VERSION) VALUES (6002, '1754-01-01', 'sampleUser2', 6001,current_timestamp(),current_timestamp(),1);
insert into memberships(ENABLED,CREATION_DATE,DESCRIPTION,FAILED_REVRY_ATMPT_CNT,FAILED_REVRY_ATMPT_WIN_START,FAILED_PWD_ATMPT_CNT,FAILED_PWD_ATMPT_WIN_START,LAST_LOCK_OUT_DATE,LAST_PWD_CHANGE_DATE,LOCKED_OUT,PASSWORD,USER_ID,ENCRYPTED) VALUES (1, current_timestamp(), 'Description of membership', 0, '1754-01-01', 0, '1754-01-01', '1754-01-01', '1754-01-01', 0, '$2a$04$TTSabYo9subetYbdCh7zaujjq/mkCjnMex132CHOl3XoL83MK.FJe', 6002, 1);
insert into users(ID,LAST_ACTIVITY_DATE,USER_NAME,APPLICATION_ID,CREATION_DATE,LAST_UPDATE_DATE,VERSION) VALUES (6003, '1754-01-01', 'sampleUser3', 6001,current_timestamp(),current_timestamp(),1);
insert into memberships(ENABLED,CREATION_DATE,DESCRIPTION,FAILED_REVRY_ATMPT_CNT,FAILED_REVRY_ATMPT_WIN_START,FAILED_PWD_ATMPT_CNT,FAILED_PWD_ATMPT_WIN_START,LAST_LOCK_OUT_DATE,LAST_PWD_CHANGE_DATE,LOCKED_OUT,PASSWORD,USER_ID,ENCRYPTED) VALUES (1, current_timestamp(), 'Description of membership', 0, '1754-01-01', 0, '1754-01-01', '1754-01-01', '1754-01-01', 0, '$2a$04$TTSabYo9subetYbdCh7zaujjq/mkCjnMex132CHOl3XoL83MK.FJe', 6003, 1);
insert into users(ID,LAST_ACTIVITY_DATE,USER_NAME,APPLICATION_ID,CREATION_DATE,LAST_UPDATE_DATE,VERSION) VALUES (6004, '1754-01-01', 'sampleUser4', 6001,current_timestamp(),current_timestamp(),1);
insert into memberships(ENABLED,CREATION_DATE,DESCRIPTION,FAILED_REVRY_ATMPT_CNT,FAILED_REVRY_ATMPT_WIN_START,FAILED_PWD_ATMPT_CNT,FAILED_PWD_ATMPT_WIN_START,LAST_LOCK_OUT_DATE,LAST_PWD_CHANGE_DATE,LOCKED_OUT,PASSWORD,USER_ID,ENCRYPTED) VALUES (1, current_timestamp(), 'Description of membership', 0, '1754-01-01', 0, '1754-01-01', '1754-01-01', '1754-01-01', 0, '$2a$04$TTSabYo9subetYbdCh7zaujjq/mkCjnMex132CHOl3XoL83MK.FJe', 6004, 1);
insert into users(ID,LAST_ACTIVITY_DATE,USER_NAME,APPLICATION_ID,CREATION_DATE,LAST_UPDATE_DATE,VERSION) VALUES (6005, '1754-01-01', 'sampleUser5', 6001,current_timestamp(),current_timestamp(),1);
insert into memberships(ENABLED,CREATION_DATE,DESCRIPTION,FAILED_REVRY_ATMPT_CNT,FAILED_REVRY_ATMPT_WIN_START,FAILED_PWD_ATMPT_CNT,FAILED_PWD_ATMPT_WIN_START,LAST_LOCK_OUT_DATE,LAST_PWD_CHANGE_DATE,LOCKED_OUT,PASSWORD,USER_ID,ENCRYPTED) VALUES (1, current_timestamp(), 'Description of membership', 0, '1754-01-01', 0, '1754-01-01', '1754-01-01', '1754-01-01', 0, '$2a$04$TTSabYo9subetYbdCh7zaujjq/mkCjnMex132CHOl3XoL83MK.FJe', 6005, 1);
insert into users(ID,LAST_ACTIVITY_DATE,USER_NAME,APPLICATION_ID,CREATION_DATE,LAST_UPDATE_DATE,VERSION) VALUES (6006, '1754-01-01', 'sampleUser6', 6001,current_timestamp(),current_timestamp(),1);
insert into memberships(ENABLED,CREATION_DATE,DESCRIPTION,FAILED_REVRY_ATMPT_CNT,FAILED_REVRY_ATMPT_WIN_START,FAILED_PWD_ATMPT_CNT,FAILED_PWD_ATMPT_WIN_START,LAST_LOCK_OUT_DATE,LAST_PWD_CHANGE_DATE,LOCKED_OUT,PASSWORD,USER_ID,ENCRYPTED) VALUES (1, current_timestamp(), 'Description of membership', 0, '1754-01-01', 0, '1754-01-01', '1754-01-01', '1754-01-01', 0, '$2a$04$TTSabYo9subetYbdCh7zaujjq/mkCjnMex132CHOl3XoL83MK.FJe', 6006, 1);
insert into users(ID,LAST_ACTIVITY_DATE,USER_NAME,APPLICATION_ID,CREATION_DATE,LAST_UPDATE_DATE,VERSION) VALUES (6007, '1754-01-01', 'sampleUser7', 6001,current_timestamp(),current_timestamp(),1);
insert into memberships(ENABLED,CREATION_DATE,DESCRIPTION,FAILED_REVRY_ATMPT_CNT,FAILED_REVRY_ATMPT_WIN_START,FAILED_PWD_ATMPT_CNT,FAILED_PWD_ATMPT_WIN_START,LAST_LOCK_OUT_DATE,LAST_PWD_CHANGE_DATE,LOCKED_OUT,PASSWORD,USER_ID,ENCRYPTED) VALUES (1, current_timestamp(), 'Description of membership', 0, '1754-01-01', 0, '1754-01-01', '1754-01-01', '1754-01-01', 0, '$2a$04$TTSabYo9subetYbdCh7zaujjq/mkCjnMex132CHOl3XoL83MK.FJe', 6007, 1);
insert into users(ID,LAST_ACTIVITY_DATE,USER_NAME,APPLICATION_ID,CREATION_DATE,LAST_UPDATE_DATE,VERSION) VALUES (6008, '1754-01-01', 'sampleUser8', 6001,current_timestamp(),current_timestamp(),1);
insert into memberships(ENABLED,CREATION_DATE,DESCRIPTION,FAILED_REVRY_ATMPT_CNT,FAILED_REVRY_ATMPT_WIN_START,FAILED_PWD_ATMPT_CNT,FAILED_PWD_ATMPT_WIN_START,LAST_LOCK_OUT_DATE,LAST_PWD_CHANGE_DATE,LOCKED_OUT,PASSWORD,USER_ID,ENCRYPTED) VALUES (1, current_timestamp(), 'Description of membership', 0, '1754-01-01', 0, '1754-01-01', '1754-01-01', '1754-01-01', 0, '$2a$04$TTSabYo9subetYbdCh7zaujjq/mkCjnMex132CHOl3XoL83MK.FJe', 6008, 1);
insert into users(ID,LAST_ACTIVITY_DATE,USER_NAME,APPLICATION_ID,CREATION_DATE,LAST_UPDATE_DATE,VERSION) VALUES (6009, '1754-01-01', 'sampleUser9', 6001,current_timestamp(),current_timestamp(),1);
insert into memberships(ENABLED,CREATION_DATE,DESCRIPTION,FAILED_REVRY_ATMPT_CNT,FAILED_REVRY_ATMPT_WIN_START,FAILED_PWD_ATMPT_CNT,FAILED_PWD_ATMPT_WIN_START,LAST_LOCK_OUT_DATE,LAST_PWD_CHANGE_DATE,LOCKED_OUT,PASSWORD,USER_ID,ENCRYPTED) VALUES (1, current_timestamp(), 'Description of membership', 0, '1754-01-01', 0, '1754-01-01', '1754-01-01', '1754-01-01', 0, '$2a$04$TTSabYo9subetYbdCh7zaujjq/mkCjnMex132CHOl3XoL83MK.FJe', 6009, 1);
insert into users(ID,LAST_ACTIVITY_DATE,USER_NAME,APPLICATION_ID,CREATION_DATE,LAST_UPDATE_DATE,VERSION) VALUES (6010, '1754-01-01', 'sampleUser10', 6001,current_timestamp(),current_timestamp(),1);
insert into memberships(ENABLED,CREATION_DATE,DESCRIPTION,FAILED_REVRY_ATMPT_CNT,FAILED_REVRY_ATMPT_WIN_START,FAILED_PWD_ATMPT_CNT,FAILED_PWD_ATMPT_WIN_START,LAST_LOCK_OUT_DATE,LAST_PWD_CHANGE_DATE,LOCKED_OUT,PASSWORD,USER_ID,ENCRYPTED) VALUES (1, current_timestamp(), 'Description of membership', 0, '1754-01-01', 0, '1754-01-01', '1754-01-01', '1754-01-01', 0, '$2a$04$TTSabYo9subetYbdCh7zaujjq/mkCjnMex132CHOl3XoL83MK.FJe', 6010, 1);
insert into users(ID,LAST_ACTIVITY_DATE,USER_NAME,APPLICATION_ID,CREATION_DATE,LAST_UPDATE_DATE,VERSION) VALUES (6011, '1754-01-01', 'sampleUser11', 6001,current_timestamp(),current_timestamp(),1);
insert into memberships(ENABLED,CREATION_DATE,DESCRIPTION,FAILED_REVRY_ATMPT_CNT,FAILED_REVRY_ATMPT_WIN_START,FAILED_PWD_ATMPT_CNT,FAILED_PWD_ATMPT_WIN_START,LAST_LOCK_OUT_DATE,LAST_PWD_CHANGE_DATE,LOCKED_OUT,PASSWORD,USER_ID,ENCRYPTED) VALUES (1, current_timestamp(), 'Description of membership', 0, '1754-01-01', 0, '1754-01-01', '1754-01-01', '1754-01-01', 1, '$2a$04$TTSabYo9subetYbdCh7zaujjq/mkCjnMex132CHOl3XoL83MK.FJe', 6011, 1);
insert into users(ID,LAST_ACTIVITY_DATE,USER_NAME,APPLICATION_ID,CREATION_DATE,LAST_UPDATE_DATE,VERSION) VALUES (6012, '1754-01-01', 'sampleUser12', 6001,current_timestamp(),current_timestamp(),1);
insert into memberships(ENABLED,CREATION_DATE,DESCRIPTION,FAILED_REVRY_ATMPT_CNT,FAILED_REVRY_ATMPT_WIN_START,FAILED_PWD_ATMPT_CNT,FAILED_PWD_ATMPT_WIN_START,LAST_LOCK_OUT_DATE,LAST_PWD_CHANGE_DATE,LOCKED_OUT,PASSWORD,USER_ID,ENCRYPTED) VALUES (1, current_timestamp(), 'Description of membership', 0, '1754-01-01', 0, '1754-01-01', '1754-01-01', '1754-01-01', 0, '$2a$04$TTSabYo9subetYbdCh7zaujjq/mkCjnMex132CHOl3XoL83MK.FJe', 6012, 1);
insert into users(ID,LAST_ACTIVITY_DATE,USER_NAME,APPLICATION_ID,CREATION_DATE,LAST_UPDATE_DATE,VERSION) VALUES (6013, '1754-01-01', 'sampleUser13', 6001,current_timestamp(),current_timestamp(),1);
insert into memberships(ENABLED,CREATION_DATE,DESCRIPTION,FAILED_REVRY_ATMPT_CNT,FAILED_REVRY_ATMPT_WIN_START,FAILED_PWD_ATMPT_CNT,FAILED_PWD_ATMPT_WIN_START,LAST_LOCK_OUT_DATE,LAST_PWD_CHANGE_DATE,LOCKED_OUT,PASSWORD,USER_ID,ENCRYPTED) VALUES (0, current_timestamp(), 'Description of membership', 0, '1754-01-01', 0, '1754-01-01', '1754-01-01', '1754-01-01', 0, '$2a$04$TTSabYo9subetYbdCh7zaujjq/mkCjnMex132CHOl3XoL83MK.FJe', 6013, 1);
insert into users(ID,LAST_ACTIVITY_DATE,USER_NAME,APPLICATION_ID,CREATION_DATE,LAST_UPDATE_DATE,VERSION) VALUES (6014, '1754-01-01', 'sampleUser14', 6001,current_timestamp(),current_timestamp(),1);
insert into memberships(ENABLED,CREATION_DATE,DESCRIPTION,FAILED_REVRY_ATMPT_CNT,FAILED_REVRY_ATMPT_WIN_START,FAILED_PWD_ATMPT_CNT,FAILED_PWD_ATMPT_WIN_START,LAST_LOCK_OUT_DATE,LAST_PWD_CHANGE_DATE,LOCKED_OUT,PASSWORD,USER_ID,ENCRYPTED) VALUES (0, current_timestamp(), 'Description of membership', 0, '1754-01-01', 0, '1754-01-01', '1754-01-01', '1754-01-01', 0, '$2a$04$TTSabYo9subetYbdCh7zaujjq/mkCjnMex132CHOl3XoL83MK.FJe', 6014, 1);
insert into group_users(USER_ID,GROUP_ID) VALUES (6003,6002);
insert into group_users(USER_ID,GROUP_ID) VALUES (6008,6003);
insert into group_users(USER_ID,GROUP_ID) VALUES (6009,6003);
insert into group_users(USER_ID,GROUP_ID) VALUES (6010,6003);
insert into group_users(USER_ID,GROUP_ID) VALUES (6008,6004);
insert into group_users(USER_ID,GROUP_ID) VALUES (6009,6004);
insert into group_users(USER_ID,GROUP_ID) VALUES (6011,6005);
insert into group_users(USER_ID,GROUP_ID) VALUES (6012,6005);
insert into group_users(USER_ID,GROUP_ID) VALUES (6013,6005);
insert into group_users(USER_ID,GROUP_ID) VALUES (6011,6006);
insert into group_users(USER_ID,GROUP_ID) VALUES (6012,6006);
insert into group_users(USER_ID,GROUP_ID) VALUES (6014,6005);
insert into group_users(USER_ID,GROUP_ID) VALUES (6014,6006);
insert into authorities(ID,NAME,DESCRIPTION,APPLICATION_ID,creation_date,last_update_date,version) VALUES (6001,'Authority 1','Authority description',6001,current_timestamp(),current_timestamp(),1);
insert into authorities(ID,NAME,DESCRIPTION,APPLICATION_ID,creation_date,last_update_date,version) VALUES (6002,'Authority 2','Authority description',6001,current_timestamp(),current_timestamp(),1);
insert into authorities(ID,NAME,DESCRIPTION,APPLICATION_ID,creation_date,last_update_date,version) VALUES (6003,'Authority 3','Authority description',6001,current_timestamp(),current_timestamp(),1);
insert into group_authorities(GROUP_ID,AUTHORITY_ID) VALUES (6005,6001);
insert into group_authorities(GROUP_ID,AUTHORITY_ID) VALUES (6005,6002);
insert into group_authorities(GROUP_ID,AUTHORITY_ID) VALUES (6006,6002);
insert into user_authorities(USER_ID,AUTHORITY_ID) VALUES (6014,6003);
commit;