insert into applications(id,name,description,creation_date,last_update_date,version) values (6001,'Test Application 1','This application is used for testing.',current_timestamp(),current_timestamp(),1);
insert into password_policies(id,max_age, max_length, min_special_chars_count, min_age, min_length, history_threshold, application_id,min_lowercase_chars_count,min_uppercase_chars_count,min_numeric_count,creation_date,last_update_date,version) values (6001,30, 25, 1, 0, 7, 10, 6001,1,1,1,current_timestamp(),current_timestamp(),1);
insert into lockout_policies(id,application_id,duration,threshold,reset_time,attempt_window,creation_date,last_update_date,version) values (6001,6001,NULL,3,NULL,10,current_timestamp(),current_timestamp(),1);
insert into groups(id,name,description,application_id,creation_date,last_update_date,version) values (6001,'Sample Group 1','Group description',6001,current_timestamp(),current_timestamp(),1);
insert into groups(id,name,description,application_id,creation_date,last_update_date,version) values (6002,'Sample Group 2','Group description',6001,current_timestamp(),current_timestamp(),1);
insert into groups(id,name,description,application_id,creation_date,last_update_date,version) values (6003,'Sample Group 3','Group description',6001,current_timestamp(),current_timestamp(),1);
insert into groups(id,name,description,application_id,creation_date,last_update_date,version) values (6004,'Sample Group 4','Group description',6001,current_timestamp(),current_timestamp(),1);
insert into groups(id,name,description,application_id,creation_date,last_update_date,version) values (6005,'Sample Group 5','Group description',6001,current_timestamp(),current_timestamp(),1);
insert into groups(id,name,description,application_id,creation_date,last_update_date,version) values (6006,'Sample Group 6','Group description',6001,current_timestamp(),current_timestamp(),1);
insert into users(id,last_activity_date,user_name,application_id,creation_date,last_update_date,version) values (6001, '1754-01-01', 'sampleUser1', 6001,current_timestamp(),current_timestamp(),1);
insert into memberships(id,enabled,creation_date,description,failed_revry_atmpt_cnt,failed_revry_atmpt_win_start,failed_pwd_atmpt_cnt,failed_pwd_atmpt_win_start,last_lock_out_date,last_pwd_change_date,locked,password,user_id,encrypted,last_update_date,version) values (6001, 1, current_timestamp(), 'Description of membership', 0, '1754-01-01', 0, '1754-01-01', '1754-01-01', '1754-01-01', 0, '$2a$04$TTSabYo9subetYbdCh7zaujjq/mkCjnMex132CHOl3XoL83MK.FJe', 6001, 1, current_timestamp(), 1);
insert into users(id,last_activity_date,user_name,application_id,creation_date,last_update_date,version) values (6002, '1754-01-01', 'sampleUser2', 6001,current_timestamp(),current_timestamp(),1);
insert into memberships(id,enabled,creation_date,description,failed_revry_atmpt_cnt,failed_revry_atmpt_win_start,failed_pwd_atmpt_cnt,failed_pwd_atmpt_win_start,last_lock_out_date,last_pwd_change_date,locked,password,user_id,encrypted,last_update_date,version) values (6002, 1, current_timestamp(), 'Description of membership', 0, '1754-01-01', 0, '1754-01-01', '1754-01-01', '1754-01-01', 0, '$2a$04$TTSabYo9subetYbdCh7zaujjq/mkCjnMex132CHOl3XoL83MK.FJe', 6002, 1, current_timestamp(), 1);
insert into users(id,last_activity_date,user_name,application_id,creation_date,last_update_date,version) values (6003, '1754-01-01', 'sampleUser3', 6001,current_timestamp(),current_timestamp(),1);
insert into memberships(id,enabled,creation_date,description,failed_revry_atmpt_cnt,failed_revry_atmpt_win_start,failed_pwd_atmpt_cnt,failed_pwd_atmpt_win_start,last_lock_out_date,last_pwd_change_date,locked,password,user_id,encrypted,last_update_date,version) values (6003, 1, current_timestamp(), 'Description of membership', 0, '1754-01-01', 0, '1754-01-01', '1754-01-01', '1754-01-01', 0, '$2a$04$TTSabYo9subetYbdCh7zaujjq/mkCjnMex132CHOl3XoL83MK.FJe', 6003, 1, current_timestamp(), 1);
insert into users(id,last_activity_date,user_name,application_id,creation_date,last_update_date,version) values (6004, '1754-01-01', 'sampleUser4', 6001,current_timestamp(),current_timestamp(),1);
insert into memberships(id,enabled,creation_date,description,failed_revry_atmpt_cnt,failed_revry_atmpt_win_start,failed_pwd_atmpt_cnt,failed_pwd_atmpt_win_start,last_lock_out_date,last_pwd_change_date,locked,password,user_id,encrypted,last_update_date,version) values (6004, 1, current_timestamp(), 'Description of membership', 0, '1754-01-01', 0, '1754-01-01', '1754-01-01', '1754-01-01', 0, '$2a$04$TTSabYo9subetYbdCh7zaujjq/mkCjnMex132CHOl3XoL83MK.FJe', 6004, 1, current_timestamp(), 1);
insert into users(id,last_activity_date,user_name,application_id,creation_date,last_update_date,version) values (6005, '1754-01-01', 'sampleUser5', 6001,current_timestamp(),current_timestamp(),1);
insert into memberships(id,enabled,creation_date,description,failed_revry_atmpt_cnt,failed_revry_atmpt_win_start,failed_pwd_atmpt_cnt,failed_pwd_atmpt_win_start,last_lock_out_date,last_pwd_change_date,locked,password,user_id,encrypted,last_update_date,version) values (6005, 1, current_timestamp(), 'Description of membership', 0, '1754-01-01', 0, '1754-01-01', '1754-01-01', '1754-01-01', 0, '$2a$04$TTSabYo9subetYbdCh7zaujjq/mkCjnMex132CHOl3XoL83MK.FJe', 6005, 1, current_timestamp(), 1);
insert into users(id,last_activity_date,user_name,application_id,creation_date,last_update_date,version) values (6006, '1754-01-01', 'sampleUser6', 6001,current_timestamp(),current_timestamp(),1);
insert into memberships(id,enabled,creation_date,description,failed_revry_atmpt_cnt,failed_revry_atmpt_win_start,failed_pwd_atmpt_cnt,failed_pwd_atmpt_win_start,last_lock_out_date,last_pwd_change_date,locked,password,user_id,encrypted,last_update_date,version) values (6006, 1, current_timestamp(), 'Description of membership', 0, '1754-01-01', 0, '1754-01-01', '1754-01-01', '1754-01-01', 0, '$2a$04$TTSabYo9subetYbdCh7zaujjq/mkCjnMex132CHOl3XoL83MK.FJe', 6006, 1, current_timestamp(), 1);
insert into users(id,last_activity_date,user_name,application_id,creation_date,last_update_date,version) values (6007, '1754-01-01', 'sampleUser7', 6001,current_timestamp(),current_timestamp(),1);
insert into memberships(id,enabled,creation_date,description,failed_revry_atmpt_cnt,failed_revry_atmpt_win_start,failed_pwd_atmpt_cnt,failed_pwd_atmpt_win_start,last_lock_out_date,last_pwd_change_date,locked,password,user_id,encrypted,last_update_date,version) values (6007, 1, current_timestamp(), 'Description of membership', 0, '1754-01-01', 0, '1754-01-01', '1754-01-01', '1754-01-01', 0, '$2a$04$TTSabYo9subetYbdCh7zaujjq/mkCjnMex132CHOl3XoL83MK.FJe', 6007, 1, current_timestamp(), 1);
insert into users(id,last_activity_date,user_name,application_id,creation_date,last_update_date,version) values (6008, '1754-01-01', 'sampleUser8', 6001,current_timestamp(),current_timestamp(),1);
insert into memberships(id,enabled,creation_date,description,failed_revry_atmpt_cnt,failed_revry_atmpt_win_start,failed_pwd_atmpt_cnt,failed_pwd_atmpt_win_start,last_lock_out_date,last_pwd_change_date,locked,password,user_id,encrypted,last_update_date,version) values (6008, 1, current_timestamp(), 'Description of membership', 0, '1754-01-01', 0, '1754-01-01', '1754-01-01', '1754-01-01', 0, '$2a$04$TTSabYo9subetYbdCh7zaujjq/mkCjnMex132CHOl3XoL83MK.FJe', 6008, 1, current_timestamp(), 1);
insert into users(id,last_activity_date,user_name,application_id,creation_date,last_update_date,version) values (6009, '1754-01-01', 'sampleUser9', 6001,current_timestamp(),current_timestamp(),1);
insert into memberships(id,enabled,creation_date,description,failed_revry_atmpt_cnt,failed_revry_atmpt_win_start,failed_pwd_atmpt_cnt,failed_pwd_atmpt_win_start,last_lock_out_date,last_pwd_change_date,locked,password,user_id,encrypted,last_update_date,version) values (6009, 1, current_timestamp(), 'Description of membership', 0, '1754-01-01', 0, '1754-01-01', '1754-01-01', '1754-01-01', 0, '$2a$04$TTSabYo9subetYbdCh7zaujjq/mkCjnMex132CHOl3XoL83MK.FJe', 6009, 1, current_timestamp(), 1);
insert into users(id,last_activity_date,user_name,application_id,creation_date,last_update_date,version) values (6010, '1754-01-01', 'sampleUser10', 6001,current_timestamp(),current_timestamp(),1);
insert into memberships(id,enabled,creation_date,description,failed_revry_atmpt_cnt,failed_revry_atmpt_win_start,failed_pwd_atmpt_cnt,failed_pwd_atmpt_win_start,last_lock_out_date,last_pwd_change_date,locked,password,user_id,encrypted,last_update_date,version) values (6010, 1, current_timestamp(), 'Description of membership', 0, '1754-01-01', 0, '1754-01-01', '1754-01-01', '1754-01-01', 0, '$2a$04$TTSabYo9subetYbdCh7zaujjq/mkCjnMex132CHOl3XoL83MK.FJe', 6010, 1, current_timestamp(), 1);
insert into users(id,last_activity_date,user_name,application_id,creation_date,last_update_date,version) values (6011, '1754-01-01', 'sampleUser11', 6001,current_timestamp(),current_timestamp(),1);
insert into memberships(id,enabled,creation_date,description,failed_revry_atmpt_cnt,failed_revry_atmpt_win_start,failed_pwd_atmpt_cnt,failed_pwd_atmpt_win_start,last_lock_out_date,last_pwd_change_date,locked,password,user_id,encrypted,last_update_date,version) values (6011, 1, current_timestamp(), 'Description of membership', 0, '1754-01-01', 0, '1754-01-01', '1754-01-01', '1754-01-01', 1, '$2a$04$TTSabYo9subetYbdCh7zaujjq/mkCjnMex132CHOl3XoL83MK.FJe', 6011, 1, current_timestamp(), 1);
insert into users(id,last_activity_date,user_name,application_id,creation_date,last_update_date,version) values (6012, '1754-01-01', 'sampleUser12', 6001,current_timestamp(),current_timestamp(),1);
insert into memberships(id,enabled,creation_date,description,failed_revry_atmpt_cnt,failed_revry_atmpt_win_start,failed_pwd_atmpt_cnt,failed_pwd_atmpt_win_start,last_lock_out_date,last_pwd_change_date,locked,password,user_id,encrypted,last_update_date,version) values (6012, 1, current_timestamp(), 'Description of membership', 0, '1754-01-01', 0, '1754-01-01', '1754-01-01', '1754-01-01', 0, '$2a$04$TTSabYo9subetYbdCh7zaujjq/mkCjnMex132CHOl3XoL83MK.FJe', 6012, 1, current_timestamp(), 1);
insert into users(id,last_activity_date,user_name,application_id,creation_date,last_update_date,version) values (6013, '1754-01-01', 'sampleUser13', 6001,current_timestamp(),current_timestamp(),1);
insert into memberships(id,enabled,creation_date,description,failed_revry_atmpt_cnt,failed_revry_atmpt_win_start,failed_pwd_atmpt_cnt,failed_pwd_atmpt_win_start,last_lock_out_date,last_pwd_change_date,locked,password,user_id,encrypted,last_update_date,version) values (6013, 0, current_timestamp(), 'Description of membership', 0, '1754-01-01', 0, '1754-01-01', '1754-01-01', '1754-01-01', 0, '$2a$04$TTSabYo9subetYbdCh7zaujjq/mkCjnMex132CHOl3XoL83MK.FJe', 6013, 1, current_timestamp(), 1);
insert into users(id,last_activity_date,user_name,application_id,creation_date,last_update_date,version) values (6014, '1754-01-01', 'sampleUser14', 6001,current_timestamp(),current_timestamp(),1);
insert into memberships(id,enabled,creation_date,description,failed_revry_atmpt_cnt,failed_revry_atmpt_win_start,failed_pwd_atmpt_cnt,failed_pwd_atmpt_win_start,last_lock_out_date,last_pwd_change_date,locked,password,user_id,encrypted,last_update_date,version) values (6014, 0, current_timestamp(), 'Description of membership', 0, '1754-01-01', 0, '1754-01-01', '1754-01-01', '1754-01-01', 0, '$2a$04$TTSabYo9subetYbdCh7zaujjq/mkCjnMex132CHOl3XoL83MK.FJe', 6014, 1, current_timestamp(), 1);
insert into group_users(user_id,group_id) values (6003,6002);
insert into group_users(user_id,group_id) values (6008,6003);
insert into group_users(user_id,group_id) values (6009,6003);
insert into group_users(user_id,group_id) values (6010,6003);
insert into group_users(user_id,group_id) values (6008,6004);
insert into group_users(user_id,group_id) values (6009,6004);
insert into group_users(user_id,group_id) values (6011,6005);
insert into group_users(user_id,group_id) values (6012,6005);
insert into group_users(user_id,group_id) values (6013,6005);
insert into group_users(user_id,group_id) values (6011,6006);
insert into group_users(user_id,group_id) values (6012,6006);
insert into group_users(user_id,group_id) values (6014,6005);
insert into group_users(user_id,group_id) values (6014,6006);
insert into authorities(id,name,description,application_id,creation_date,last_update_date,version) values (6001,'Authority 1','Authority description',6001,current_timestamp(),current_timestamp(),1);
insert into authorities(id,name,description,application_id,creation_date,last_update_date,version) values (6002,'Authority 2','Authority description',6001,current_timestamp(),current_timestamp(),1);
insert into authorities(id,name,description,application_id,creation_date,last_update_date,version) values (6003,'Authority 3','Authority description',6001,current_timestamp(),current_timestamp(),1);
insert into group_authorities(group_id,authority_id) values (6005,6001);
insert into group_authorities(group_id,authority_id) values (6005,6002);
insert into group_authorities(group_id,authority_id) values (6006,6002);
insert into user_authorities(user_id,authority_id) values (6014,6003);
commit;